listing_id,interest_level
7077863,0
7089371,2
7210791,1
6817348,0
7149366,0
7178663,2
6965327,2
6932604,0
6927698,0
6992120,1
6826513,1
7031304,1
6925852,0
7128280,0
6941375,0
6923806,0
6935671,0
6962853,0
6857199,0
6987596,0
7228561,0
7081765,0
7167922,0
7171155,1
6869130,2
7101422,0
7083286,0
7069307,0
7018775,0
6946468,1
6911601,1
6944003,0
6965910,0
6952417,0
6855382,1
7094564,2
7143897,2
7143537,0
7204760,0
6911292,1
7229029,0
7196637,2
7031362,0
7072109,1
6926204,0
7049927,0
6909409,0
6912575,0
6978781,1
7051404,2
7119397,1
7045661,0
7070460,1
7184176,2
6907525,1
7222891,1
6932293,1
7076028,2
7195462,1
7112052,0
7199702,0
6910393,1
7014729,2
7232549,1
7229731,1
6922127,1
6999780,0
6903585,0
7000658,1
6823432,0
7146280,2
6889042,0
7037830,0
7169084,1
6918192,1
6958953,1
7141501,1
7226624,1
7087979,2
7189711,1
6823937,1
7126453,1
6941558,0
7105352,1
7076124,0
7173496,1
7098192,1
7179440,0
7116456,2
7113366,0
7120284,0
6977274,0
6941170,1
7041416,1
7067395,1
7080170,0
7104340,0
7115195,0
6976114,1
6924732,2
6900083,0
6993809,2
7031179,0
6844709,1
6996123,2
7076050,0
7098456,1
6860834,1
6829692,0
7050316,2
6937863,1
7143728,0
7039418,0
6947686,2
6901943,1
6930298,1
7114955,0
6846031,0
7124170,0
7120015,1
7093234,1
7136772,0
7108904,0
7095952,0
7201237,0
7095540,0
7031934,0
7165289,2
7023302,2
6844513,2
6882987,0
7099962,0
7092109,2
7113023,0
7061941,2
6986354,0
6965524,1
6851060,0
7046209,0
6915605,1
6925981,0
6874855,0
7046910,0
6828077,0
6837838,0
6921211,0
6887418,2
7111854,0
6881432,0
6870637,1
7145881,0
7096511,0
7130100,1
7159435,0
7060548,2
7233388,0
7096031,0
6915945,2
6954464,2
6986431,1
6825677,0
6958835,1
6839011,1
7121271,1
7049131,0
6898908,0
7193260,2
7224063,0
7047073,1
6926974,2
7170581,1
7032586,2
6929585,0
7146782,0
6882477,1
6814928,1
6903590,0
7213952,0
7178042,0
7068784,0
7130083,1
7046043,0
7061976,0
6922976,1
6852987,0
7144923,0
7049383,1
7176834,0
7092479,2
6861203,1
7106225,0
7022573,0
7201701,1
7197579,0
7125092,2
6891923,0
6881560,0
7082377,0
7229479,1
7197503,0
7048525,0
6898692,0
7038631,0
6840531,2
7012763,1
6880746,0
7041371,0
7094600,0
7177361,1
7046059,0
7025466,2
7088808,1
6830354,1
6851399,0
6851472,0
7051541,0
6858747,1
7161803,2
7591922,2
6935534,1
6875317,0
6820440,0
6822034,1
6893682,1
6974037,0
6869623,0
6911853,1
6968205,1
7048255,1
6893242,0
6816400,1
7050474,1
7135805,0
6911572,0
6966955,1
6928135,1
6824730,1
7140131,1
6899274,0
7227661,1
7034787,1
6955511,0
6930338,0
7165898,0
6963688,1
7074084,0
6872921,2
7080179,1
7015667,0
7090736,0
7018199,1
6927625,0
7076724,1
6852767,0
7125811,2
6995220,0
7051727,0
6991459,1
6895230,2
7125381,0
7103158,0
6993833,1
7190769,2
6822420,2
7083658,1
7092613,1
6844617,1
7020549,0
7129712,2
7198882,0
6824811,1
7101866,1
7109564,1
7103901,2
7213348,0
7231003,2
7006508,1
7205292,0
7024401,0
7177492,1
6891443,0
6952633,1
7130270,0
7041711,0
7044361,2
6879121,1
7049626,0
6813437,0
6850072,2
6937548,2
7037438,0
7112610,0
7120814,0
6917933,0
7231530,1
6908830,2
7225292,0
6935066,0
6880383,0
7197763,0
7078324,0
7105083,1
6825818,0
7056228,2
7026921,1
6957800,0
7045670,0
6975592,1
6997393,0
6979551,0
7004797,0
7017302,1
7005184,1
7142168,0
7058239,0
6921715,1
6986382,0
6945011,0
7061721,0
6995956,2
6989044,1
6872970,0
6840086,1
7224499,0
6953612,1
6851882,0
7078384,2
6819201,1
7077938,0
7101409,0
7195515,1
6932844,1
6863400,0
7094930,2
7076753,2
7065766,1
7135031,1
6899437,0
7053229,2
6979766,0
6904252,0
6864918,0
6963082,0
7033977,1
7101107,1
7048977,0
6861953,1
6840363,1
7198986,0
6839328,0
6963857,0
7019818,2
7210145,2
6939926,0
6830905,1
7063780,1
7063084,1
6935690,0
6926310,0
6889735,0
6974223,0
7062883,0
6938640,1
7075214,0
6866683,0
7119849,0
7070835,0
6918645,0
6987912,0
7081340,0
7157040,2
6858850,1
6837387,0
6967508,0
7038242,2
7071252,1
7021733,0
6892830,0
7076017,0
6909233,0
7150096,0
7025634,2
7067620,0
7008206,1
6890191,1
7152017,1
6850675,2
7159943,1
7200255,1
6914947,0
7216159,1
7156263,0
7191678,0
6833236,1
7070023,0
7158924,1
7010925,0
7162401,0
7136949,0
7118556,0
7032447,0
7146687,1
7125102,0
6844816,2
6859793,1
7013303,1
7025839,0
7192094,1
7043088,0
7013862,0
7022487,0
7056161,2
7041411,0
6894372,0
7028847,0
6922469,0
7155619,2
7076483,0
7015129,0
6982618,2
7000587,1
7145497,0
6994648,0
6940815,1
6907854,2
6913063,2
6921560,0
7119693,0
7054042,0
7188401,0
6868224,1
6877595,0
7006549,1
6848811,0
6828791,0
7155836,0
7132595,1
7092734,1
7230850,1
7069153,0
6813484,0
7144679,2
7063301,0
6890058,0
6944956,0
7102418,1
7171974,0
7131933,1
7030472,0
6924276,0
7213498,0
6893488,2
7136612,0
7066243,0
6877839,0
7190986,0
6848931,0
6975178,1
7142377,0
7040888,1
7159276,2
6833689,0
7113620,2
6858062,1
6901774,2
6828296,0
7591892,1
6943570,0
7218421,0
7177747,1
7071382,2
6902015,0
7516869,1
7061321,0
6936865,2
7069641,0
7118402,0
6969920,2
6947460,1
6867663,2
7164690,0
6860026,0
7074500,1
6915590,0
7092106,1
7096027,1
6946097,1
7180808,1
7216315,1
7092242,0
7057630,1
7144397,0
6881847,1
7038897,0
7195707,1
7168527,1
7046597,1
7153749,0
7139725,1
6912603,0
7179084,0
7018867,0
7078194,0
6846870,2
6826364,0
7077477,0
7098675,1
6942579,1
6813489,2
7020398,2
6844643,1
6874210,1
6821288,1
7139533,2
6815341,0
7226667,1
7027514,0
7168201,2
7141325,1
6854880,0
7096655,1
7023832,2
7041969,1
7187820,1
6853559,0
6990720,0
6924176,0
6940951,2
6838322,1
6879488,0
6966948,0
7190720,1
7111913,0
6912158,1
6919495,1
6923716,0
6899536,1
7194687,2
6850027,1
7093149,2
7112651,0
6992435,0
7055526,2
6884082,0
7104282,0
7210331,1
7039923,2
7231101,0
7143237,0
6905255,2
6884490,0
7123083,1
6870282,0
6941008,0
7178439,1
7231459,0
7218845,0
7050575,0
6825765,2
7110146,0
7189025,1
7002320,0
7224176,1
7102767,1
7022412,0
7193824,1
6966084,0
7011163,0
6848405,0
6826385,1
6956850,0
6815305,0
7581526,1
6952841,0
6816218,1
6985398,0
7123624,0
7120123,0
6900120,2
7155699,2
7037142,0
6856282,1
6989157,1
6936158,1
6916604,2
7004282,0
7110331,2
7111560,0
7049106,0
7092618,1
7039514,0
7074005,1
7106288,0
7122910,0
7146398,1
7061588,1
6978137,0
7020676,0
7123908,0
7009819,2
6883156,0
6882110,0
7225246,0
7089461,0
6955082,0
6838035,0
7145911,1
7018295,0
6981013,1
7180583,2
7155630,2
7124887,0
7006032,0
6844737,2
7052184,1
6847937,0
7022116,1
7218808,1
7163736,0
6888067,1
7167211,0
7149805,0
7081733,1
7011600,1
6888525,2
7017467,1
6955643,0
6878507,1
6952828,0
6868875,2
7036111,0
7019103,0
6918651,0
7080680,1
6961824,0
7066758,1
7168927,2
6935023,0
7195838,2
6841107,0
7023604,2
6814640,2
6954370,1
7116122,0
6835573,2
7219714,0
6835859,0
7070982,0
7155497,0
6936232,1
6964862,0
7141419,0
7012663,0
7088200,0
7179224,2
6871802,1
7151797,2
7025425,0
7000152,2
6874836,0
7053557,0
7122370,0
6990640,0
7187354,0
6839821,0
7209333,1
7036570,1
7083855,2
6996805,1
7029178,0
6844961,2
7132576,1
6828423,0
6897152,1
7186147,0
6823028,2
6813497,0
6987785,1
6929392,0
6922930,1
6968343,2
6899539,1
7030241,0
6895615,1
6875287,0
6894300,0
6843684,2
6975790,0
6897906,0
6964884,2
7049751,1
6817217,1
6899273,0
6970305,1
7220906,1
6831467,1
7134196,1
7026680,2
6937782,1
6983939,0
6901494,2
7094296,2
7194669,0
6985896,1
7072282,1
7117584,0
7126047,1
7172043,0
6833712,0
7104055,2
7088955,0
6853875,1
7111857,0
6996545,0
7215620,2
6894111,2
7102375,1
6987223,1
6911102,0
7099893,1
7118651,1
7181246,0
7053287,1
7118211,0
7026300,0
7036071,0
7230906,1
6823667,2
7125842,0
7219828,0
6857894,2
7106849,0
7198673,2
7225162,0
7228431,0
6968601,1
6943099,1
6956452,1
7041134,0
7334967,1
7070283,0
7104499,2
6939030,0
6846547,0
7200903,0
6857804,0
6909116,2
6837550,1
7035155,0
6822221,0
6938414,0
7111589,0
6856331,1
6978462,0
7049400,0
6962186,2
6887930,2
6853363,0
6837337,2
6832876,1
7150948,1
7160937,0
7136122,2
7116150,0
6864848,2
7149718,1
7232604,1
7075643,0
7043823,1
6991932,2
7075384,0
7056191,0
6968823,0
7109657,2
7184909,1
7026856,0
7054439,0
7056799,0
6945522,0
6819315,2
6872397,0
7154770,0
6930586,0
6991268,2
7131101,1
7080873,0
7010735,2
7007508,2
6862574,1
6906913,0
6954957,0
7053347,0
6839567,1
7185739,0
7024977,1
7054830,1
6995597,2
7055693,2
7198228,0
7044708,2
7111455,0
6901963,1
7098756,1
6861617,1
7020113,0
7075986,0
7198356,1
6819220,1
7239297,1
6891996,0
6896333,2
6818259,0
7079499,0
6931999,2
7178893,2
7005158,1
7132750,0
7185072,1
6897760,0
7172700,2
7042771,1
6892150,0
7042898,0
7176011,1
7139239,0
7110091,2
7095791,0
6812033,0
7192663,1
7174375,0
7208487,2
7017038,0
6872262,2
6847429,0
7065935,1
7098133,0
7202118,1
7181656,0
6893084,1
6916869,1
6838602,0
7033546,2
7153256,0
7164390,0
6959152,0
7194427,0
6855186,0
6993252,2
6891120,2
6852851,2
7118331,0
6851407,2
6992746,2
7219711,0
6926320,2
6821333,0
7168358,2
6959726,2
7229088,1
7110189,1
7187809,1
6816208,1
7053445,0
6986236,1
7114491,0
7197684,2
7121560,2
6957588,1
6891130,1
6938973,0
7057947,0
7126930,1
7127210,1
6995901,0
7102930,0
6980096,0
7215970,0
7103577,0
6989448,0
6890612,0
7029758,2
6966125,0
6905001,0
6988258,0
7091825,0
7169813,1
6861911,0
7073375,0
7171973,1
7206999,1
7212910,0
6903201,0
7095651,0
6978211,0
7079712,1
7093077,2
7054720,1
6909883,0
6988476,2
6833994,0
7139354,1
7033952,0
6923085,0
7137188,1
6893928,0
6898455,0
7165159,0
6846167,0
6915657,0
6974090,1
6972448,0
6976551,2
7100776,0
6906766,1
6821377,0
6886259,0
7229030,0
7205449,0
7138087,2
6859368,1
7043487,1
7111827,0
7208908,0
7141663,0
6955442,1
7178550,2
6927687,0
7013460,2
6844198,2
7122802,0
7139602,1
7024933,0
7191992,2
7049839,1
7038516,2
6922460,0
6903099,0
7169825,1
6919604,1
6884316,0
7048312,1
7110334,1
6904491,1
7169621,0
7233513,0
6901037,2
7295125,1
7222488,0
7228573,0
7156481,0
6860778,1
7170736,0
7145885,1
6936997,0
7220059,0
7094979,0
6822713,0
7087854,0
7132127,2
7018561,1
7073530,2
6820430,0
6889286,2
7073826,0
6822340,2
6834807,0
7126701,2
7112462,1
6824602,2
6822316,1
6902433,2
7143970,1
7225315,0
7037268,0
7030065,0
6902921,2
7151953,0
7120160,0
7112401,0
7109067,1
6991837,2
7220736,0
6842167,2
7044588,0
6926832,1
7189434,0
7156296,0
6880242,2
6829818,0
7136009,1
6896672,1
6840433,2
7038605,0
6991605,0
6874991,0
6864855,0
7063015,0
7213718,1
6825592,1
7232429,0
6828413,1
7140494,0
6931003,1
6972481,0
6886876,0
7176359,1
6987280,0
6819842,0
6900151,0
7095996,1
6979096,0
7036405,1
6916334,1
7075497,1
7137480,1
6972782,1
6996772,0
6958313,1
6917814,0
7056653,0
6952951,2
7076112,0
6814205,0
7104454,0
7157373,0
7170531,2
7224941,1
7169048,0
6997311,0
7136581,2
7167067,0
6831859,1
7065919,2
6955124,2
7162330,1
6907433,1
6975827,1
7018778,0
7171758,1
7510647,1
7172111,1
6935999,0
6975727,1
6847015,0
7102143,1
6891079,0
7015928,0
7016156,0
7206349,0
7168836,2
7225822,1
7069824,0
6933741,0
7116415,0
6882454,1
6938828,1
7119419,0
7072277,0
7049474,0
6972948,2
7008046,0
6885088,2
7153537,0
7169079,2
7222593,2
7082981,0
6968614,0
7141273,0
7206610,0
7027438,0
7191670,0
7121350,1
7112018,1
6930794,1
6982316,2
7168483,1
7159543,1
6863716,0
6907950,1
7135927,0
6918397,1
7206184,1
7104729,2
6884283,0
7219135,0
6989981,0
7070456,0
6867105,2
6941641,1
6893655,1
7159729,0
7007109,2
6863837,0
7209069,0
7163304,1
7203960,1
7039749,0
6847911,2
7076264,2
7068977,0
6931788,2
7057999,0
7075937,2
7102663,1
7220257,0
7151225,0
6883011,1
6888171,0
7098936,2
7151424,0
7005966,0
6891920,0
7195631,1
6975548,2
7002922,0
6889156,0
6888011,1
7164068,2
7007896,0
7080106,0
6910512,0
6852537,0
6899718,0
6863239,0
7079756,2
6980734,1
7036122,1
6818277,0
6937572,1
6845022,2
6821142,0
6922437,0
7233657,1
6996783,1
7075258,0
7197078,0
6819021,0
6898442,0
6945808,1
6953918,0
7168566,2
6888990,2
7046361,0
7101433,0
6867772,1
7120750,1
6964829,1
7199651,0
6896344,1
7176088,2
6993030,0
6853330,0
6908163,2
7170067,1
7217455,0
6992969,0
6850662,0
6914797,0
6967342,0
7065219,1
6942948,0
6960201,2
6988719,1
6894913,1
7121503,0
7087757,0
7161872,2
7208531,1
7070033,0
6842194,0
6983022,1
6985226,0
7068396,0
7099649,1
6986986,2
7104836,1
6853940,1
7208445,0
7063546,0
7045322,0
7064571,0
7017032,1
6886799,0
7168907,2
7168462,0
7171861,1
6887584,1
6884368,2
7183749,1
7156595,2
7007904,1
6964498,1
7019587,1
6901617,2
6919793,1
7132122,1
7161251,1
6952794,0
7094383,0
6977294,2
7106058,0
7175655,2
7053694,0
6919029,0
7096444,1
7203057,0
6960775,2
7123579,1
7160052,1
6890247,2
6912222,1
7061117,1
7347214,2
7147767,0
7049838,2
6914141,1
7090243,0
6943088,0
6985695,0
7193803,1
7160344,2
7207448,1
6943190,1
7037761,1
6945453,1
7068771,0
6932886,2
7049517,1
6921208,0
7063821,0
6894230,0
6920711,1
6980863,2
7162105,0
6858554,1
6980355,2
7167242,0
7121709,0
7234247,0
6852114,0
7466297,0
7033642,2
6953033,0
6970759,0
6848226,2
7124259,1
7144708,0
6967807,1
7131921,0
7045386,0
6987658,0
7081427,0
7131299,0
7011584,1
7118725,0
7169101,1
7031020,2
6935404,1
7000911,0
7041459,0
6940980,1
6824595,0
7170902,1
6865493,0
7114438,0
7164902,2
6984942,0
7015250,0
7084102,0
6871890,0
7731327,0
7214368,0
6953236,1
7202328,0
6905030,0
6902431,0
7076630,2
6969554,0
7195341,1
7143353,2
6955038,2
6934126,1
6937984,1
6884166,2
7053673,0
7135047,2
7149292,0
7216246,1
7224226,1
7180159,1
6831330,0
7208816,1
6841028,2
6945303,1
6877308,0
7073431,0
7039579,1
7110590,1
7143166,0
7182316,0
7116256,2
6828550,1
6833354,0
7069736,1
7106433,0
6834651,2
6876784,0
7166721,0
6944006,1
7029739,0
7010802,0
6936495,1
7114602,0
7223524,2
7137308,2
6867817,1
7156278,0
6901722,1
6975599,1
7111649,2
7000809,1
7191282,2
6943848,1
6881267,0
6969491,1
7188529,0
6866992,1
6911131,1
7149493,0
6972203,0
6899253,2
7016450,0
7016704,1
7042119,1
6993466,0
6899984,0
7034174,0
6995873,2
6843969,1
7142745,0
7029560,1
6824985,0
7218200,0
6998928,0
6954493,1
6915983,0
7065502,0
7198121,0
6827916,0
6986064,1
7223259,1
7057275,0
7135290,0
7032033,1
7075113,1
6824422,1
7116929,2
6942347,0
6896383,1
7233223,2
6916145,1
7122998,0
7170604,1
6830430,1
7083409,2
7124761,0
7084257,1
7200566,0
6844925,0
7050348,2
7200235,0
7211628,1
7162952,2
7202306,0
7028734,0
7027776,1
7191340,0
7051139,0
6927641,0
6992184,1
6814731,1
7076697,0
7143636,0
7113229,0
6833953,1
6918687,0
6930303,2
6859608,1
6862806,2
7093414,1
6952437,2
6957068,0
7173935,1
6822362,2
7091389,1
6894553,0
6892980,2
7154230,0
7094686,0
7096393,1
7116509,2
6856314,0
6832055,1
7177622,2
7145623,2
7048219,1
7130970,0
6834391,1
6904541,0
7223034,1
6938079,1
7091702,0
7149153,0
6860945,0
6960208,0
7144687,0
7026951,0
6868240,2
6854993,0
6882809,1
7107190,2
7038556,1
7091343,1
7203900,0
7117084,0
6978661,2
7220453,0
7169032,2
6814395,0
6947363,1
6863204,0
6864155,1
6892441,0
6916045,0
7215461,1
6943051,0
6887271,0
7219062,0
6939761,0
7142237,0
6816567,1
6912274,2
7129596,0
6874559,2
6967459,0
6835163,0
7227062,2
6941900,1
7009333,2
7103339,0
7048723,0
6971577,1
6882503,0
6990456,0
6888767,0
7196088,2
6965877,0
6899802,0
6850789,2
6894638,0
6908313,0
7096504,0
6963324,0
6869325,0
7082712,1
7097639,0
6872616,2
6925483,1
7063098,0
7089579,1
7160741,0
7125281,1
6926345,2
6953101,1
6895856,1
7005826,1
6971576,1
7016243,0
7078859,0
7119402,0
7145481,0
7231053,1
7019807,0
7209856,1
6884935,0
6897204,1
6912431,2
6856124,2
7017745,2
6899024,1
7026560,0
6865192,0
6940117,1
7233875,2
6944467,0
7054238,0
7026367,0
6954766,0
6911312,1
7024593,1
7105527,2
7136340,1
6967376,0
7017359,1
6878905,1
7200522,1
6943978,0
6913184,0
7107646,0
7137180,1
6868203,0
6865939,1
7048875,0
7164558,0
7100219,2
6877677,0
6932726,0
6896301,0
7034278,0
6880149,2
6935678,1
6861093,1
6855650,1
7188258,0
6974888,0
7126202,2
6944522,0
7003791,0
6891964,0
7209068,1
7220951,1
7225984,1
7127928,0
7092764,2
7205312,0
6975204,0
6980284,2
7068218,0
7139398,0
6903256,0
7201126,1
7094077,2
6939437,0
7153501,0
6972348,0
7088755,1
6988019,1
7006574,1
7051949,1
7038751,1
6986176,2
7219219,0
7040648,0
6836201,0
7127556,0
7013254,1
7052623,0
6831242,1
7180916,1
7466026,2
7171569,1
6846820,1
7040805,0
6980471,0
7023815,1
7185919,0
6851366,0
6880443,1
7093825,2
6992146,2
6924507,1
7105233,1
7113243,2
7266858,0
7162848,1
6957149,0
7058529,0
7047143,1
6978996,0
7198375,0
7133915,1
7141994,0
6818327,0
6912297,0
6980263,1
6984874,1
7039105,0
7185584,1
7195232,1
6875938,2
7091995,0
7017176,0
7071399,1
7025534,0
7140643,0
6977719,1
6931158,0
7164610,2
6965361,0
6841946,1
6933850,2
6991348,2
7112025,0
7223205,2
6878566,2
7171508,2
6859416,0
7181080,0
6883831,0
7046355,0
7059793,0
6907527,0
7196234,2
7088219,0
7113849,1
7115412,1
6980003,2
6877045,0
7142059,0
7169736,0
7119560,0
7018236,0
6907977,1
7003348,0
6928413,0
7191401,0
7209520,1
7131528,2
7052722,0
6980767,1
7011945,1
7048463,1
6997982,0
6864257,0
6877644,0
7091583,1
7102617,0
7031600,2
7127694,2
6878480,1
7054379,0
6945479,1
7104453,1
7010224,2
6899317,2
7020656,0
6926899,0
7171147,0
7137112,1
7141512,0
6952117,0
7099776,1
6986796,0
7160797,2
6870877,1
6881361,0
6906583,2
6841071,2
7071739,1
6845822,2
6917330,0
6948394,1
7123940,0
6901602,1
6902166,1
6999587,0
6884444,2
6902121,0
7233475,1
6838702,1
6962547,0
7117601,1
7175959,1
6840567,0
6862410,2
6821560,0
7150076,0
7125566,1
6975224,0
6877167,0
6819614,0
6825413,1
7013172,0
6946446,2
6845248,1
7097850,0
6974410,1
7124290,0
7112928,0
6977843,1
6936696,1
7100892,0
6972552,0
6854715,2
6957742,0
7097818,0
6828306,1
7135976,0
7105629,1
6967570,0
7069708,0
6942177,1
7059867,0
6849938,1
7045367,2
6905783,2
7098206,1
6957113,0
6866182,1
7195509,1
6902066,1
7208532,2
6835149,0
7230763,1
6932800,1
7076269,0
6913467,0
6990708,1
7198606,0
7116404,1
6860486,2
6861465,2
6951917,0
7016207,1
6910560,0
7003083,1
7019216,1
7221811,1
7173633,0
7198972,0
7049441,1
6867184,0
7180740,0
7029502,1
7025770,0
6985495,0
7009803,0
6982678,1
7031431,2
6901922,1
7049021,0
6891393,0
7056432,0
6942386,0
7048140,1
7067593,0
7197206,1
7078905,0
7044091,2
6812000,0
7076511,0
7184258,0
6996333,1
7124312,1
7547579,2
6883523,1
7001132,0
6858029,0
7124094,0
6952173,2
7153593,2
6825500,1
7001897,1
7163208,0
6934063,1
7182667,2
6947792,2
6955963,1
6904971,1
6992680,0
6855101,0
7101668,0
7102354,1
7139057,0
7055609,0
6992471,0
6975864,2
6972786,1
7104628,1
7113618,0
7146906,0
7028638,1
7040864,1
6974934,0
6990807,0
6964532,1
6899750,0
6861646,0
6853273,1
7145024,0
6919845,0
7193477,1
7132106,0
7208788,2
6969191,0
7063407,0
6987466,0
7219345,2
7162369,2
6986762,0
7192697,1
7060559,1
7036486,0
7175627,0
6927923,0
6928221,1
7207208,1
7083617,0
6960524,1
6995922,1
6836034,0
6865520,0
7140450,0
6885089,0
7117557,0
7123219,0
7090941,0
7183126,1
6812374,0
6875730,1
7201928,1
6840075,2
6890838,0
7061760,1
7145187,0
7078179,1
6962001,1
7129717,2
6851964,1
7104573,1
7097955,0
6917871,0
6962986,0
6989521,0
7013294,1
7230895,0
6973912,2
6970463,2
7107623,0
6957561,0
7182777,2
7165629,2
7105382,1
7057570,0
7136608,0
7168526,1
6843142,0
7097700,0
7130169,1
7017412,1
7272843,2
7180440,1
7032382,2
7002738,0
6953626,0
6931492,0
7037875,1
6871629,2
6898495,0
7045556,0
6879504,1
7118266,1
6979324,0
6879339,1
7143451,2
7167998,0
6916759,0
6874306,1
6998324,0
7113290,0
7161403,0
7110962,1
6813253,1
7128638,0
6855492,1
6916719,1
7164818,0
6844408,1
6823897,2
7018510,2
6966708,0
7002532,1
6876262,1
7202633,0
6896724,0
7067098,1
7030845,2
7126030,1
7189702,2
6812179,0
6916465,0
6826729,1
6916506,2
6838558,0
6977819,1
7178780,1
7150395,0
7101841,0
6958720,1
6897167,2
7182022,2
7198629,0
7011863,0
6890761,2
7058624,0
7154956,1
6958261,1
6848458,0
6874630,0
7205870,2
6913786,2
6852037,0
6979821,0
7207642,0
6977506,0
7043221,0
6823079,1
7006865,1
7047730,0
7098100,0
7153436,2
7123358,0
7198530,0
6879702,2
6922288,0
7227581,0
7008799,2
6932575,1
6849089,1
6857349,0
7181068,1
7160594,1
7072114,1
6818184,0
6842745,2
6986705,2
6940124,2
7092078,1
6969310,2
6919243,2
7018386,2
6890302,1
7065842,0
7015517,2
7113364,0
7193696,0
6968519,1
7070566,0
6982668,0
6857812,0
6926370,1
7212945,0
7159936,1
6863887,0
7075972,0
7211222,0
6844601,1
7146654,0
7163314,0
7211647,1
6869347,0
6849028,0
7007020,2
6848568,1
6856017,0
6966102,0
7013566,1
6992264,0
7171291,1
6952438,2
6904840,0
7064520,0
6965042,2
6958665,1
7146899,0
6881872,2
6851802,1
6947952,2
6877886,1
7148107,0
7011855,0
7065051,0
7230174,1
6817129,0
7007291,2
7191258,1
7124214,1
6927539,1
6916633,1
6882947,1
7159063,1
6842913,0
6870483,0
7083310,0
6922676,0
6834410,2
7225618,0
6988531,2
6943470,1
7018207,0
6862948,0
7038835,2
7005142,0
6983306,1
7016067,1
7081343,0
7204130,1
7175362,0
7151557,2
7029289,0
6957040,0
6934306,0
6946128,1
6882667,1
7094859,0
7137215,1
7154449,2
6871440,0
6878723,0
7175291,0
6813043,0
7098884,0
7092770,1
6862298,2
7157664,2
6895019,1
7167712,0
7044378,1
6820997,0
7206703,0
7095024,0
6860832,0
6835473,2
6912264,2
7093846,2
6825307,1
6871762,0
7095527,0
7193435,1
6971583,2
7224584,0
7054661,0
7057317,0
7126233,0
6872960,0
7041759,0
7144676,2
6890498,0
7000655,1
6844155,0
6891638,0
6838161,0
7145803,0
6863373,0
6918980,0
7029566,1
6999151,1
6860441,1
7037382,0
6812635,0
6814729,2
6885325,0
7272822,2
6985406,2
7029208,2
7062497,1
6829092,0
6968713,0
7059385,1
7097551,0
6958842,2
7007624,1
7089720,2
6993691,1
6874156,1
6902906,2
7112973,1
7097575,0
7159637,2
6996689,1
7138953,0
6884534,0
7200070,0
6819949,2
6895442,2
7060174,1
7066147,1
7104785,0
6816264,1
6892631,0
6985922,1
7027016,0
7046420,2
7205199,1
7162524,1
6845681,0
6991527,0
7082282,1
7077230,0
7125617,1
6888838,2
7186377,0
6940041,1
6826465,0
6879706,1
6938577,2
7197756,0
6869456,0
6931889,0
6993268,0
6978922,0
7091699,1
7091752,2
6995730,1
7197497,0
7135487,2
7120664,2
7018940,0
6970217,2
6827727,0
7009093,0
6974085,0
7147458,0
7046893,0
7138925,2
6906857,1
6988701,0
6922383,2
7009441,0
6927350,1
6975271,1
6861000,0
7032438,0
7026531,2
6964390,0
6920369,2
7138652,0
7124430,1
6885513,0
6955328,0
7191589,0
7170620,1
7182279,1
6812824,1
7014510,0
7098430,0
6934730,0
7003835,0
7084155,0
6901350,1
6932103,1
6962804,1
6900746,2
7010701,0
7078402,0
6944316,0
7146290,0
7147399,0
7037083,1
7208528,1
6957140,2
6999565,1
7214136,0
6861367,2
6838043,1
6940373,0
6881792,0
7223233,1
6827047,2
6947064,1
6962310,0
6956736,1
7144737,0
7223192,0
7137179,2
7048382,1
7017290,0
6918553,1
7228776,0
7219225,2
7079201,1
7134346,0
7220287,0
7170302,1
7225834,0
7088325,1
7132186,0
6902088,2
7023535,2
6834526,2
7224349,1
7102986,2
6887457,0
6942027,0
6923936,0
7038584,2
7111217,0
6874293,2
6974529,2
7080530,1
7227139,1
7172268,1
6926573,1
7200807,2
7122064,2
6976849,0
7049336,0
7221109,0
7035900,0
6983420,0
6897579,0
7180125,0
6882770,1
6815917,1
7002851,1
6901956,1
7132996,1
7034252,0
7108483,2
6817612,0
6923573,1
6916805,1
6902495,1
6978298,2
7042888,0
6832210,0
7172092,1
7121512,0
7048417,0
6816406,2
6888921,0
7153520,0
6976264,2
7101456,0
7080447,1
7114686,0
7186904,0
7093446,0
6833327,1
6968391,1
7124659,1
6902505,1
7188776,0
6908299,0
7010374,0
6958279,2
6954067,1
7010731,0
7190994,0
7079594,2
7157817,1
6931533,1
6973514,0
7150369,0
7049891,2
7187472,0
6929975,0
7104744,1
7051619,0
6961748,0
7163414,0
6841333,0
7230611,0
7104414,1
7173206,0
6962057,0
6935156,2
6919366,0
6988251,1
7142415,1
6895286,2
6994270,0
7170745,1
7001762,0
7202925,0
6931630,0
6814689,0
6843443,2
7300741,1
7105676,0
6864219,1
6998722,0
6813402,1
6929247,0
6961970,0
7140408,0
6821247,1
7061031,1
7105489,1
7180931,1
7123335,0
6907096,1
6965347,1
7130460,0
7157556,2
6953161,0
6934582,0
7002610,1
7203214,2
7137073,1
6899002,1
6868534,2
6853046,0
6862971,0
6990324,1
6970935,0
6867021,1
7232383,1
7196846,0
6992417,0
6892959,1
6909510,0
7058067,0
7005241,0
6970590,1
6954236,2
7161142,0
7088449,1
7191035,2
6972693,1
7052895,1
7130059,1
7192408,0
6977144,0
6831462,2
7091727,2
6860890,1
6953373,0
7062518,0
6839063,1
6883522,2
7138994,0
7182467,0
7025232,0
7046706,0
6959646,2
6905061,0
7142793,0
6938364,1
7148083,0
6882060,2
7000150,0
7056534,0
6814620,1
6903708,0
6936430,2
7088730,0
7115957,0
6866371,0
7144963,2
6995405,1
7036885,0
6946239,0
6924605,0
7087864,0
6937911,1
7020653,0
6904387,1
7005105,0
7048810,0
7173511,0
6876356,1
6956917,2
7114467,2
6936275,2
7056205,0
6994170,0
7069568,0
7113852,1
6970443,1
6841865,0
7042806,0
7004566,1
7196751,0
6854661,1
6812371,0
6863906,2
7177803,2
7023649,1
7223420,0
7205851,2
6922037,2
7050444,2
7077994,0
7006139,1
7078980,1
6983586,1
7010884,0
7055097,1
7154080,0
6930276,0
7115856,1
7067404,0
7187080,0
7071841,1
7029387,1
7092491,2
7101089,2
7214799,0
7082117,1
7089058,0
6973871,0
6908158,2
7168867,0
6891547,0
6938136,1
7171560,0
7045061,1
6916723,0
6976256,0
6997558,1
7075337,1
7206065,2
6990318,2
6832130,1
7011826,0
7178592,1
7012282,0
6979100,1
7163140,0
6838432,2
7062792,1
6979610,1
7206216,0
6992022,0
6911016,0
6860059,0
6814011,0
6879447,1
7093270,1
7030562,0
7029171,0
6847274,0
6980839,1
7053615,1
7046150,0
7210503,2
6925239,0
7200888,2
6946874,1
7123093,0
6978351,1
7097193,1
7084073,1
7188698,0
6897812,0
6868256,1
6911514,0
6900220,0
6962101,0
6918390,1
6862827,2
7118120,1
6855145,0
7069514,0
7100764,0
7092420,1
6999542,0
7204387,1
6814829,1
6903858,1
7088798,1
7071883,0
7166385,0
6985955,2
6829212,1
6881640,0
7050689,0
6921926,0
7052671,0
7230541,2
7093068,1
6838636,0
6886414,1
7093377,0
6995993,2
6848387,0
7049645,0
7065003,2
7099764,2
6987049,0
7038527,2
7163499,0
6933623,2
6901702,1
7135904,2
7017966,0
6866409,0
7095903,0
7224372,0
7190526,0
7005133,0
7013151,0
7054713,1
6948219,1
7115926,1
6854528,0
7108107,1
6848225,0
7120597,1
6876629,0
7112239,1
6872193,0
7021324,2
7110801,0
6935975,1
7161691,1
7111428,2
6828508,0
6901467,1
6859828,0
6976246,0
7226484,1
6917876,1
6843678,0
6907513,1
7043129,1
7180107,1
6966487,0
6963232,0
7220421,0
7017523,1
7183539,2
6981613,0
7232481,1
6821825,0
6832255,1
6915674,2
6995737,0
6983540,0
6933951,1
7018154,0
6906183,2
6941198,2
6899191,2
6935297,0
6888461,0
6990559,0
7170643,1
7224777,1
7197193,2
7092876,0
6842863,1
7047042,1
7077107,0
7106196,1
7057706,0
6888475,0
6946967,1
7069312,0
7113067,0
6954860,0
6974676,0
7073959,0
7173532,1
7133933,0
6855304,1
7145755,1
7018415,0
6907715,1
6836479,0
6875187,0
7225772,2
7046664,0
6991836,2
7134435,1
6937818,1
7015182,0
7121414,1
6925198,2
7121375,1
6933315,0
7004893,0
6938077,1
6990326,0
7168925,1
7035570,0
7064636,1
6907417,0
7072226,2
6830870,1
6846253,0
6851553,0
6962597,0
7166755,0
7122677,0
7072045,1
6879375,2
7029870,0
6910367,2
7228519,0
7061549,1
7102918,1
6974577,0
7214299,2
6819246,1
6890821,2
7123421,2
6868511,0
7178265,1
6865470,1
6848208,2
7003533,0
6978434,1
7180588,0
7134900,1
6992861,1
7180110,0
7067025,0
7041970,0
7004383,0
7058193,0
7020609,0
7229051,1
7040264,0
6906866,2
6840541,0
7064907,0
6988620,1
6834876,0
6816494,2
7006663,0
6935069,0
7080971,1
7132916,0
6893223,1
6924643,0
7098813,1
6816227,0
7114685,0
7093274,2
7001700,0
6884731,2
7007327,2
6956803,1
6958867,1
7018562,1
7203282,0
7201502,0
6865831,0
7181173,0
7132398,1
7129411,0
6954772,0
6986426,0
7215371,0
7147776,2
7003536,0
6854928,0
6939316,0
6858751,2
6830054,1
7116209,0
6851695,0
7168255,0
7201024,0
7170363,2
7078897,1
7213923,0
7181293,2
7228270,0
6996740,0
7041406,1
7232072,2
6952595,1
7120407,2
7078797,0
7057502,1
6959926,1
7008235,0
6871005,0
7033663,2
6917975,1
6866968,1
7071177,1
7200182,1
6883208,0
7129631,1
7128152,0
6812788,0
7230334,0
7220038,0
6859989,2
6947338,0
7045490,0
6940571,1
6993132,0
7091677,1
6969980,1
6953490,1
6932594,0
7214599,0
7062062,1
6970290,1
7101475,0
7111959,0
6853029,0
7016148,1
7110600,0
7011385,0
6863050,0
6990222,0
7093546,1
7040613,0
6855014,0
6926931,1
6904881,2
6971440,0
7167168,0
6818860,1
6818550,0
7067639,1
6833985,2
6990782,1
6993247,1
6947509,1
6875376,1
6889991,0
7070063,2
7043590,1
6835916,2
7209207,0
7180930,0
6976345,1
7045010,1
7079426,1
6978368,0
6880878,0
6902510,1
6815457,1
7219341,0
7055781,2
6908040,0
7209760,2
6831414,2
7053338,2
6885162,0
7199358,1
7001340,1
6890623,0
6892687,1
6978364,2
6888834,0
6881087,0
7176549,0
6945729,0
6867887,1
7164003,0
6922116,1
7127434,0
6879003,0
7117202,2
6820619,0
7232182,2
7123255,2
7688092,1
6886515,0
7196960,0
7063802,0
7035290,0
7111672,0
6898303,0
7156081,0
6879138,1
7108208,2
7182366,1
6818587,0
7053171,1
7032277,2
6835343,0
7046663,0
7207702,0
7012018,1
7121447,2
7054700,1
7060445,0
6821839,2
7000613,0
7002350,2
6889634,0
6884862,2
7150581,0
7171885,0
6922257,0
7194838,2
6820980,1
6971327,2
6882553,0
6966044,2
7102376,2
6862362,1
6925529,0
7194728,0
7224513,0
7224032,1
7016652,0
6851320,0
6980178,0
7078068,0
7180208,2
6943941,2
7059553,2
7138253,0
7175605,1
7137038,0
6942090,1
6882213,0
7104691,1
6821060,0
7087716,2
7012509,1
6839306,0
7151223,0
7155147,2
7023565,2
6830624,0
6981251,0
7230802,1
6979113,0
7131641,2
6921591,2
7142562,1
7042164,1
7125086,0
7174225,1
6852499,0
7162999,2
6882157,0
6813721,0
7074929,1
7063552,0
7166303,0
7113040,0
6936720,0
6879257,2
6940037,2
7175290,0
6899045,1
6894481,2
7166461,0
6990134,2
6965842,0
6844045,1
7174943,1
7128854,1
7132228,1
6933355,1
7057741,0
6940531,0
7231825,1
7016171,0
7017092,0
7198411,1
7047329,0
7215864,2
7209490,1
7073327,0
6895448,0
7008094,1
6842499,0
6966075,0
7233031,1
6888693,2
6876207,0
7208764,0
6981496,0
6964015,0
7073074,0
6997886,1
7216155,0
6927491,1
6880198,0
7197289,0
6906148,1
7028739,0
7026676,2
7053818,2
6912075,0
6857846,0
7049153,0
7092243,1
6981273,1
7107300,0
7228595,0
7039233,0
7122997,0
6912559,0
6848958,1
7103212,0
6891163,0
7093406,1
6814589,0
6978058,0
7177975,2
7125200,0
7205455,1
6930312,1
6997012,1
7172086,1
7017055,0
7112475,0
6928096,0
7080464,1
7204748,2
7103559,1
7015178,0
6881728,0
6910051,1
7009416,0
6993215,0
6845401,1
6829574,0
7217565,0
7155327,2
7076451,1
6881757,1
7137030,0
7071368,0
6902959,1
6829941,1
6936063,2
7221153,1
6845554,0
6925321,1
6862516,2
6822921,2
7141476,1
6892304,0
6988333,1
7095466,0
7060973,0
7079127,0
7174239,2
7058419,0
6841336,0
6916758,1
7069715,1
7113277,0
7113972,0
7117432,0
7139269,0
7117113,0
7112554,0
7229630,1
6828683,0
6995385,2
6994324,0
6948218,1
7120534,2
6842841,1
7104316,1
6855065,2
6878986,0
6829654,1
7026304,0
7173197,0
7226877,2
6825852,2
7143450,1
7150579,0
7047568,0
7196389,0
6827557,0
7150083,0
6871266,1
6899069,0
7208028,1
6929546,0
6940985,1
6996713,0
7099182,1
7185064,2
6863125,0
6933361,0
6899895,0
6966378,0
6890144,2
6990612,0
7028674,1
6818551,0
6920229,0
6819571,1
7133978,1
7045900,0
6994559,1
6824777,1
7155732,1
7067556,0
7228424,0
7171859,2
7163641,0
7077669,0
6932723,2
6842479,1
6865363,1
7164427,0
6999561,2
7191606,2
7055331,1
7051817,0
7104292,0
7103672,1
7023593,2
7148503,0
6928350,0
6965016,1
7070989,0
6909513,0
6913053,1
7055582,0
6981747,0
7010559,1
7043341,0
7133236,0
6846929,0
7052368,0
6831618,2
7001121,1
7034161,0
6816928,1
6884686,1
7216776,0
6968048,2
7154513,1
7119819,0
7031327,1
7119371,0
6935071,0
7020847,1
6918321,1
7128779,0
6991122,0
6986207,0
6956954,0
7168194,1
7107788,1
7077294,0
6918830,1
7172280,0
6859521,2
7103308,0
7069966,0
6913348,0
7028499,0
6844370,1
7136145,0
7190576,1
7070736,0
6944327,0
6865378,0
6890683,0
7200088,0
7066942,1
7048142,2
7047141,0
6914857,2
6997339,1
7191977,1
6941142,1
7107826,0
7135310,1
7045455,0
7031512,2
7227168,0
6849830,1
6813021,0
7195857,1
6883577,1
7082323,1
6991021,1
7118376,1
6913408,1
6881618,0
7142675,0
7135391,0
7187904,1
6918658,2
7047810,0
7121087,2
6901906,0
7212723,2
6996889,2
7013783,2
6816418,1
7012760,1
7027333,0
7110947,2
6984609,0
7047411,0
7214352,0
7215883,0
6966454,1
7155862,2
7067288,2
6902609,0
7101104,2
6992725,0
6978932,0
6861405,1
7202519,0
7050995,0
6996647,0
7049207,2
6913886,1
6823715,1
7032480,2
6830464,0
7116722,1
7098738,1
7122073,2
6927863,1
6933372,2
7155668,2
7058336,1
6830066,1
7110010,1
6887667,0
6856421,2
7006027,0
7078287,1
7180898,2
7202661,0
6945570,1
6894742,0
7015449,0
6938025,2
7157819,2
7171801,1
7093841,2
7181007,0
6928919,0
7044343,1
7080182,0
7104739,0
6915492,0
6940707,0
7059850,0
7014053,1
6829915,0
7045374,0
7038858,1
7103965,0
6841372,0
7143880,0
7119645,0
7510966,1
6836113,0
6916413,2
7002528,0
7088748,1
6975190,2
6895147,1
7173290,2
6909519,0
7101847,1
7020003,0
7197328,0
7130296,2
6992757,0
7026322,0
7017226,1
6997100,1
6975384,1
7187187,0
7234375,2
7189360,2
7150266,2
7058879,0
7039613,0
7044667,1
6865318,0
6857202,0
7039276,0
6894619,0
7187425,0
6872990,2
6900886,1
6893178,2
6945100,1
7137979,1
6846456,2
7031773,0
6823782,0
6959783,1
6935474,0
7063939,0
6965192,1
6992130,2
7188928,1
7096680,0
7088029,0
6907809,1
7038999,0
7012272,0
7076188,0
7134557,0
7015215,1
7116444,2
7168006,0
7123782,0
7068469,0
6947684,1
6889525,1
7102346,2
6887078,0
6845783,2
6981712,0
6952266,0
6894690,0
7221966,1
7038343,0
7054920,1
7091380,0
7167309,1
6978105,1
6994349,0
7137007,1
6925572,0
7027515,0
6899171,1
6982204,0
7156883,0
6821195,1
6982312,0
6894936,0
6935580,0
6937744,0
7043562,1
6954785,2
6958563,1
7234217,0
7153641,0
6952193,0
7234149,0
7034591,0
6859991,0
7142298,1
6915612,1
7039775,1
6915298,0
7140258,1
7213509,0
7145993,0
7073015,0
7201287,1
7040024,2
7164821,2
6900059,0
6893364,0
7137276,0
7013837,1
6952033,0
6831991,1
7003748,2
7046472,0
7222777,0
6858024,1
6987130,1
7101142,0
6884917,0
7053980,0
6820054,0
7122707,2
7217636,0
6964906,2
6927686,1
7012049,0
6971044,1
7141700,0
7041285,0
7135718,0
7004542,1
7036704,1
7133136,1
7168711,1
6906739,0
6871451,1
7215164,0
6864346,1
7027594,0
7136912,2
7105012,1
7112715,0
7098109,1
7000546,1
7001967,1
7000176,0
6900782,2
6935322,0
7128130,0
6972201,0
7175276,0
7109874,0
7056428,0
6816559,2
6919046,2
7224763,0
7160413,2
6932428,1
7219021,0
7019708,0
6829566,0
7001527,0
6868830,1
6826741,2
6914883,0
7043558,2
6854087,2
6855313,1
7129221,0
6987681,0
6965925,1
7115238,0
6983968,1
7201713,1
7108518,0
6851716,1
6997130,0
7018732,0
6868895,0
7188227,0
7015804,0
7216440,1
6875518,0
7003249,1
6820013,0
7082440,0
7083898,2
6882688,0
6846610,0
7129025,2
6969088,0
7043554,1
7045923,0
6945103,0
7133919,1
6916966,0
7056152,2
6840089,0
7173548,1
6971485,1
7066766,1
6881131,0
6886758,0
6942967,1
7073911,0
7082613,1
6849757,0
6913788,0
7048450,0
7074304,0
7095160,0
7200177,0
7098994,1
7053527,0
7046024,0
7059142,0
7012404,1
7140318,0
6939192,0
7124247,0
6969972,1
6979657,0
6991339,1
6850034,1
7103450,0
6972703,0
6888426,0
7142721,1
6973195,0
7230964,1
6987526,0
7181274,1
6983841,1
7194112,2
7164830,0
6931581,2
6992408,0
7168240,1
7099968,0
7192439,0
6986404,0
6971207,1
6883249,0
7134079,0
6929167,2
6915712,0
6828834,0
6955412,1
6816258,1
6938238,1
7053017,0
7168507,2
6865644,2
6826983,1
7448983,1
6866855,1
7126415,1
6938909,2
6961879,1
7140780,2
7144899,0
7168136,0
7131301,0
7192553,1
6867481,2
7002313,2
7048000,0
7200708,2
7008751,2
6937043,0
7118461,0
7427989,0
6946265,0
7038057,0
7023960,1
7129644,1
7068847,0
7067832,0
7018486,2
6963668,0
6920936,0
7000611,2
6983033,1
7045738,0
6912505,0
7083689,0
6892528,2
6855191,1
7153841,0
7107444,0
6928765,2
7171938,0
7036802,1
7171347,0
7224558,1
6953197,1
7075658,0
7136090,0
7113490,0
6928808,2
6941494,0
6816014,1
7223015,0
6887888,1
6973615,1
6877654,0
7225762,1
6931611,0
7063075,0
6921181,0
6947944,1
7201376,1
6898288,0
7190632,0
6895248,1
6925054,1
7015963,2
6861933,1
7148635,0
7231890,0
6836480,0
7145186,2
7109078,1
6825019,1
7223896,0
6842598,1
6938704,0
6854497,1
7050615,0
7033674,0
7017936,0
7146951,0
7187134,0
7101345,1
7111685,0
6888667,0
6838048,0
7042523,2
6848510,0
7173563,1
6975766,0
7140432,0
7173184,1
7155856,2
6948029,1
6910133,1
7040420,2
6986406,1
6976298,2
6938825,2
7080210,1
7186552,0
6948193,1
7070048,0
7227416,1
7047676,1
7135282,0
7083477,0
7066291,0
6957096,1
7040247,0
6847007,0
6908393,1
6966287,0
6990402,2
6963472,1
7203957,0
7003753,1
7077833,0
6919870,2
7014133,2
7018521,0
6900988,1
6957430,0
7146153,0
6903992,0
6839339,1
7223789,1
7090835,1
7223932,1
6857723,1
7061679,2
7122654,0
7057712,0
6934542,0
6873562,1
7159790,0
6994245,2
6878929,1
7041199,0
6907595,0
7055252,0
6870025,2
7192499,1
7035819,0
7037583,2
6933341,1
7082800,0
6863383,0
6996828,1
6879674,0
6907291,2
7067230,1
6858186,0
6866462,1
6865366,0
6841738,0
7224934,0
6935116,0
6851554,2
7114087,2
7007227,0
7177484,1
7200922,1
6923052,0
7154860,0
6914147,2
6995794,0
6869785,0
7079913,1
6881856,2
6933238,1
6869094,2
6918767,0
6816765,1
6813644,1
7163800,0
6825593,1
6914845,0
7023613,0
6933704,0
7040322,2
6855483,0
7100445,2
7192964,0
6901822,1
6992713,0
6979910,2
6898844,0
7008205,1
7053813,2
6959496,2
6837723,0
7138099,2
7123905,0
7010793,2
6981002,1
6915443,0
7143070,0
6859460,0
6877318,1
6906763,0
6856681,2
7139283,0
6897325,2
6990498,0
6943358,2
6973711,0
6971200,0
7092985,1
6852303,2
6857792,2
7167905,1
7198527,0
7011827,0
6983426,1
7126440,2
6886242,1
7111261,2
7154746,1
6840543,0
6823585,2
7232496,1
6843501,2
7064394,0
6952984,0
7153779,2
6920622,2
6932146,0
7227072,0
6996544,0
6821784,2
7005555,1
7132612,2
6886845,0
6956846,0
6942269,2
7218635,1
7203705,0
7061868,1
6848778,0
7124296,0
6848532,0
6942093,1
6815413,0
6897385,0
6850828,2
7066250,0
6957423,2
6826663,0
7136469,1
6896106,2
6876010,0
7055937,1
6959968,0
7155290,0
6999488,0
6913302,1
7166239,2
6881320,0
7002574,1
6889355,1
7066775,1
7218290,0
7007987,1
6960164,1
7200475,2
7007206,2
6915212,1
6820053,1
6829931,2
6933160,1
6819503,0
6998307,0
6978607,1
7234391,2
6970408,0
6854384,0
6992461,0
6925736,1
7158153,0
6982857,0
6935046,1
6834562,1
7063809,1
6871319,0
7139911,0
7018567,1
7012214,1
6815368,2
6998920,0
7020595,0
7192703,2
7137426,1
7201196,1
7090772,0
6875826,1
7013235,0
7181624,1
7132832,2
6978423,0
6880385,2
6979316,0
6908998,2
6984930,2
6835953,0
7124915,1
7135513,0
7090472,0
6856281,0
7126380,1
6967865,1
6887582,0
7012258,2
7069743,1
6976162,1
6981263,1
6866653,2
7071932,2
7051803,0
7033448,0
7079541,1
6925651,2
7140628,1
6911168,0
7076986,0
6910025,0
6975375,2
6930093,0
7073713,0
6913221,1
6876571,2
6999436,1
7282687,1
6867553,0
6964100,0
6985112,1
7231661,1
6934791,0
7109176,0
6840597,0
6888090,2
6994567,1
6854006,1
6955726,0
6972376,0
6974572,0
7032736,2
7035827,1
7042717,0
7101758,0
6893026,0
6829210,1
6910298,0
6857594,0
6975092,0
7101099,0
7357223,1
7078096,1
7226696,1
7115349,0
7163697,2
7201033,2
6859925,1
7220052,0
7089577,0
7150595,0
7032683,0
7228277,0
7055713,0
6828428,0
6874871,1
6997173,2
7066958,2
7007202,0
6937757,0
6862919,0
7202623,0
7197581,0
7157879,1
7095821,2
6961924,2
7087906,1
6891363,2
6905552,0
6831751,2
7177692,2
6970548,0
7146417,0
7070342,0
6823805,2
6831747,1
7113167,1
7063983,0
7112766,1
6890427,0
6966121,2
6893263,0
7180373,1
7027891,0
7175240,0
6982828,0
7055520,0
7221431,2
7170259,1
6923742,0
7102628,1
7094972,0
6847536,1
7100114,2
7093269,1
7197598,1
6827678,0
6937852,2
7156057,2
6866830,0
7153349,2
7135997,0
7145769,0
7223065,1
6896450,2
6838284,0
6816913,0
6889706,1
7012101,0
7016551,0
7211575,1
7205833,0
7165737,0
6933624,1
6855237,1
6892644,1
6830668,0
7080256,2
6857687,0
7153453,1
7058400,1
6864072,1
6967838,2
6833528,1
7131349,0
7015458,1
6945638,1
6922517,1
7160513,1
6875509,0
7144214,1
7022555,0
7172075,2
6942981,1
6941347,1
6870799,0
6967636,1
7142262,1
6946699,1
6978764,1
7073904,1
7189795,2
6877851,2
6995053,0
7089591,0
6875273,0
6856621,2
6997084,1
7010743,2
6998313,0
7023724,2
6996950,0
7207413,0
7041883,2
6878757,2
7141578,0
6952305,0
7072483,2
7209700,2
7190867,1
6829602,2
7117955,0
7204339,0
6886583,2
7122033,0
6956385,1
6872529,0
6939919,0
7158747,1
6813123,0
7069183,0
7227124,1
7113874,1
7176015,1
6895849,0
6851867,1
7125628,1
7046981,1
7018475,0
6920332,2
6832398,0
7151674,2
7167185,0
7208149,0
7058521,0
7105380,1
6943385,2
7074393,0
7108939,0
7082677,1
7521834,0
7077742,0
7201673,0
6968038,2
6853726,1
6840760,0
6938099,1
7153162,0
7109682,1
7231742,1
6879516,2
6845265,1
7025065,0
6931488,1
7025047,1
7136883,1
7162723,0
7170553,0
7222889,0
6825777,2
7196053,1
6847050,0
7035453,0
7137310,0
6870027,0
6900009,2
7123457,0
7541219,1
7103084,0
6889429,1
6880421,2
7037847,1
6948111,0
7045213,0
6983974,2
7209176,1
7021313,0
7113610,1
7148454,0
6848055,0
7114163,0
7218888,0
7014783,0
6913814,1
6967260,1
7163830,1
7044516,2
6856981,0
7070588,0
7160639,2
6909306,0
6840135,0
7219187,0
6940704,1
7011780,0
7023334,0
7020045,1
6971166,0
7185785,0
6924706,0
6989531,2
6873625,0
7224052,1
6907654,0
7038479,0
7121203,2
7021734,0
7111964,0
6946635,0
6895084,1
6853725,2
7112340,0
7161901,1
7110490,1
7069198,0
7013663,1
7223134,0
7033564,0
6929556,1
6935461,1
7091512,1
7182471,2
6906745,2
7189265,0
7122103,0
6989226,0
6812142,2
7547541,2
6910861,0
6972934,1
7112874,0
6863420,0
7083594,0
7002430,1
7063488,0
6825915,1
6843909,2
7042174,2
7073252,0
7133343,0
6818906,1
6976488,1
7185260,1
7010315,0
7110971,2
7135077,2
7046336,0
7108891,0
7232940,1
6955753,0
6887913,0
7143928,0
6927179,1
6918641,0
7142712,0
6974766,0
6861294,1
6976648,0
6952949,1
7218838,0
7050967,0
6813673,1
7225797,1
6823380,0
6898895,0
6918669,0
6828700,0
6990410,1
7156784,1
7229061,0
7043958,1
7170059,0
7220753,2
7076640,0
7107140,2
6920618,0
6955784,1
7135915,0
7132626,1
7074573,0
6984443,0
6945849,0
6822552,0
6991126,0
7130167,0
7083483,0
6925103,0
7123690,1
6990216,1
6875098,0
7192585,0
7128858,0
6935749,0
6973272,0
7037371,0
7014497,2
6958722,0
6902104,0
6925237,0
7043598,2
7179848,1
6933859,1
7190958,2
7154565,0
6991238,0
7045344,1
6903321,0
7110937,1
7005667,0
6922893,0
6837809,2
7104692,1
6979366,1
7226516,1
7214803,1
7189431,0
7282605,2
7101673,1
7159804,1
7190574,1
6855193,1
6818724,0
7052894,1
7177195,0
6880556,0
7170045,1
6896129,0
6820820,1
7205633,2
7199667,1
6903297,0
7022268,0
7038886,1
6893279,0
7156391,0
6963795,1
6828094,0
7062393,0
6857361,0
7133233,0
6829192,1
6921243,1
7058683,0
7225823,1
7160309,1
6938269,1
7006949,1
6963904,0
7199388,0
6967170,0
6912023,1
6851378,1
7033536,0
7082630,2
7022617,0
7005388,1
6903142,1
6964159,1
6858267,2
7069455,0
6899455,0
7020817,0
6921931,1
7102176,0
6912517,0
7197434,0
7148930,0
6852660,2
7050211,0
7028215,0
7071305,0
7226298,0
6927624,1
7187007,0
6947896,1
6908291,0
6996068,0
7002276,0
6844475,1
6906271,0
6941354,0
7059693,0
7049596,1
7190600,0
6860370,2
7119870,1
6853957,1
7044536,0
7012246,0
7088742,0
7155503,2
7173006,2
6834674,0
6963181,0
6960467,0
7216174,1
7145005,0
6844574,2
6885991,0
6925386,0
7130860,0
6971054,2
6894610,1
6882743,0
6864901,1
7111867,0
7227741,0
6968023,1
6882394,0
7155289,2
7104450,1
7096061,0
7173871,1
6912874,1
7119389,0
7029269,0
7008198,1
6915405,1
6877192,1
7129987,0
7180073,0
6986807,2
7030381,0
7203553,0
6890098,0
7100097,2
7018834,0
7095491,2
7210370,0
6824234,0
6991583,2
7004541,1
7126800,1
6909928,2
7052263,2
7020259,0
7019068,0
7177652,0
7155838,0
6890765,2
6819823,2
7221579,1
6989379,0
7154727,0
6879788,0
6986061,0
6893481,0
7020555,0
7206991,1
7062546,0
6849000,0
7024692,0
7090836,0
7104307,1
7185620,2
6818677,0
6986572,2
6860585,0
6903326,0
7064681,0
6867407,0
7150700,1
7030952,1
6898949,0
6823636,0
7029530,0
7169762,0
6926232,0
7000379,0
6855450,0
6815965,1
7134606,0
7214072,1
7098426,0
7077178,0
7089459,0
6887622,0
6893902,1
6928152,0
7105768,2
7111336,0
7108964,0
7346991,2
6990270,0
6894622,0
7005562,0
7133500,0
6932101,1
6845186,0
7072909,2
6999964,2
7177177,2
7129331,0
7207809,0
7034841,0
7028244,0
6826517,0
6821876,0
6992947,0
7217154,2
7005877,1
7074178,1
7073326,0
6900635,0
7053251,2
6972938,1
7012810,1
7090413,1
6969781,2
6873063,1
6882376,2
6909146,0
7169497,1
6837321,1
7081622,0
6946099,0
6896423,1
7053152,0
7090651,0
7051876,0
7054698,0
7071307,0
7127900,0
7015119,2
6814074,0
6996433,0
6923553,2
7168060,1
7141655,0
7075637,0
7211756,1
6923983,0
7001276,2
7013980,0
7188163,0
7050671,0
6872899,2
6875548,0
6928362,0
7123022,1
7216541,0
7018018,0
6873172,1
7202226,1
6818817,0
7013452,0
6909915,0
6977743,0
7033801,0
6841188,0
7127394,0
6884808,0
6878187,2
7183105,0
6881119,0
7077417,1
7060751,1
6968434,1
6878804,1
7212680,2
7229319,1
6968797,1
6988183,0
6937620,1
6900912,1
6841251,0
7078310,0
7164707,0
7098817,2
6993913,1
7097412,1
6986521,2
7002397,0
6934749,0
6893492,2
7079566,0
6866151,1
7110193,0
7059391,0
7014466,0
6908382,1
7150882,2
6859824,1
7192793,1
6987020,1
6928779,0
7211786,0
6859446,0
7136354,1
7028219,0
7035498,0
7058008,0
7182222,0
6836756,0
7199758,0
7171985,0
7160065,1
6887186,2
7092300,2
6945804,2
7111131,1
7035112,0
6824307,1
7104820,1
6986522,1
7075289,2
7104360,1
7017481,0
7037888,0
7063011,1
6958662,1
6847956,0
6901441,1
6929400,2
7118857,2
6870455,1
7159805,0
7102607,0
7099677,1
6840276,1
7054668,0
7131758,1
7110694,0
7027622,0
6871671,2
7188839,1
7198244,1
7216029,1
7044438,1
7160250,2
7111988,0
7026111,0
7225410,1
6916536,0
6993740,0
7192119,1
7230129,0
6823863,1
7099407,1
6942843,1
7142977,2
7083365,1
7024789,2
6942665,0
7125324,1
7023289,2
7073673,1
7078234,1
6965153,1
7128919,2
7148312,0
7027504,0
7098333,1
7144105,1
7219938,0
7226258,1
6870940,0
7162008,1
6899667,0
7196246,1
7055372,1
7033932,0
7152000,1
6929151,0
7186613,0
6859160,0
6914139,0
6819931,0
7225408,1
7080529,1
7009443,0
6836722,2
6941348,1
7186408,0
7076572,0
6953977,0
7115837,0
6874694,0
6991414,1
6979578,1
6894963,1
6921865,1
6969889,1
6895470,2
7082455,0
7056774,0
6850108,1
7056974,0
6987997,1
7135380,0
6978188,1
7008029,2
6922651,1
7078604,0
6852548,0
6873395,2
7020126,1
6952183,0
7143934,0
6966920,0
7214432,1
7063776,0
7197873,0
7032316,0
6824467,0
6842412,0
7096188,0
7136987,2
7154574,1
6869247,0
7045332,1
6826256,2
6993001,1
7177600,1
6916149,0
7209192,0
6871092,2
6900541,0
6932893,0
7106980,0
7205967,1
7120566,1
7073559,1
6816514,0
6942372,1
7011636,1
7055449,2
7200650,0
6919427,0
7173003,0
7067115,2
7214863,0
6957247,1
7140748,0
6920253,0
6869357,0
6944778,0
7100344,2
6833758,1
7207828,1
6901292,1
6868145,2
7079802,0
7051834,0
7161828,0
7197127,0
7122371,2
7114873,1
6813042,1
6958519,2
7123191,2
7002953,1
7082145,0
6941483,1
7169787,2
7063333,0
6878280,2
6920066,2
7081595,1
6979966,0
6978035,0
7183627,1
7121887,0
6946314,2
7088087,2
7057260,0
7001674,2
6997956,2
7009784,0
6936984,0
7053492,1
6827289,2
7033713,1
6851765,1
7079874,1
6934053,0
6881701,0
6976491,0
7010852,2
7101054,0
7044399,2
7194240,2
7028374,1
6939339,0
7222268,0
6833867,1
6863217,0
7439418,0
7070512,0
7133001,1
7130360,0
7140766,2
6969446,0
7012009,0
7155045,0
6979262,0
6982870,0
6970254,1
7052112,0
7009817,1
6952833,0
7092830,1
7035217,0
6853465,2
6813275,0
7187486,0
6818043,0
7090403,1
7145968,0
7035066,0
6996844,2
6816290,2
7077021,0
7201504,1
7211711,2
6981777,2
7106317,0
6959652,0
6964799,1
6895742,1
6878177,2
7124941,0
7197474,0
6873743,2
7232843,1
7037819,0
7083228,0
6881360,1
7184200,0
6861879,0
6886546,2
6822590,0
6830739,0
6911712,0
6852357,1
7218773,0
7106127,1
6960947,2
7092400,1
6840735,2
7008209,1
7046619,0
7098989,0
6954226,1
6893508,0
7125997,1
7151083,0
6817966,1
7004898,0
6867727,1
7047322,0
7166983,0
7009570,0
6833244,0
6956582,0
6892371,0
6979621,1
6869496,0
6970726,1
6927974,1
6912573,0
7233117,0
7043110,1
7081009,0
7154722,1
6891109,1
6992577,0
6831604,2
6885362,0
7100838,0
7162784,0
6875824,1
7121635,2
7140813,0
6954441,0
7207769,2
6918659,1
6831428,0
7078500,0
7154548,0
6920680,2
7191085,1
7036100,0
6999252,0
6839471,2
6990882,2
7024879,2
6841681,0
6931305,0
6826579,1
7129911,1
7098147,1
6886166,0
7170976,1
7134800,0
6896687,2
6815025,0
7103699,0
6991117,0
6827550,0
6931776,1
6996109,1
7115603,2
7497420,1
6813115,1
6968143,2
6848295,0
7211764,0
7131087,0
6971991,0
6818487,0
6962477,0
6862791,0
7059352,0
7050540,1
6875160,0
7125187,1
7037447,1
6859336,0
7030976,2
6875025,0
7193519,1
6890553,0
7200798,1
7067775,0
6955053,1
7000474,0
6841211,0
7073812,0
6834124,2
6947529,1
7189569,1
6937404,0
6892721,1
7063493,0
7044301,1
7120199,2
7200972,0
7172510,0
6813491,0
7119348,2
6980832,1
6929099,1
7230658,1
7003093,1
7096826,1
6855361,0
6862100,0
7033619,2
6925128,0
7197189,1
6931540,0
6889532,0
7020278,0
7125009,0
7167929,0
6869662,0
6833164,2
7002266,0
6878941,0
6937624,1
7180768,1
6880525,1
7152583,1
7035352,0
6988617,0
7022239,0
6854758,0
6912593,0
7202043,0
7083004,0
6906328,0
6852599,1
6924199,0
7023930,1
7193005,0
7020615,0
6955011,2
6909267,0
7136519,0
6824592,0
6820218,1
6811957,1
6883025,0
7116024,2
7093930,2
7038321,0
7012682,1
7099013,1
6826996,1
7050786,2
7134456,0
7171292,2
6962018,0
6944726,0
7060769,1
7207726,2
6879986,0
7124751,2
7080996,0
7011270,0
6879558,0
7134498,1
6998884,0
6872420,0
6945229,1
7138221,0
7161997,0
7052618,0
7065931,2
6988235,1
6861490,0
6824013,1
7204868,1
7193494,1
7222579,0
7056322,1
6860233,0
7048215,0
7167329,0
7154193,1
6813388,2
6859165,1
6909304,0
6812711,0
7094409,0
6822078,2
6980503,1
6825539,1
6888023,0
7104591,2
6816502,2
6829725,0
7130279,0
6998982,0
6864780,0
6993225,0
7133170,1
6845431,1
7194215,0
7011192,0
7072631,0
6812133,0
7013469,0
7193033,1
7128805,0
7202080,2
7091622,2
7037694,2
7167233,1
7023653,0
7063741,0
6916608,1
6860165,0
6934240,0
7071227,2
7156270,0
7115515,1
6974213,1
7187569,0
7007715,2
7118287,1
7186254,1
6863864,0
7189276,0
7142492,1
7100430,1
7147345,0
7144584,0
7146619,0
6924828,0
7029919,0
6925230,0
6822359,0
6972472,0
6926312,0
7044178,2
6976738,1
7148245,0
6818442,0
7052405,0
7062868,0
6938977,1
7070252,0
7122598,0
7194252,1
6852235,0
7175329,1
7211925,1
6907781,2
6992797,0
7070775,1
6972075,0
7053323,0
7116824,2
6955305,0
6952507,1
6860489,0
7028246,0
7197480,0
6863115,0
6818518,0
7199023,1
6897184,0
7055154,1
7194511,0
6888537,0
6852139,1
7113380,2
7001109,1
7082593,0
7011944,0
7121830,0
6860714,0
6888161,1
7130615,0
7227617,1
7077609,0
6906880,0
6872547,0
6927061,1
6893776,0
7159659,2
6946137,1
7092221,1
6850380,1
7002980,1
7123960,1
7107465,1
6943530,1
7070654,0
7034690,0
6981393,0
7221170,1
7108052,0
6978198,0
7189301,0
7057960,0
6827434,1
7056959,0
7206305,0
7069458,0
7105391,2
6878556,1
7174632,0
7160416,1
6916427,0
6848196,1
7104796,2
7049704,2
6867430,1
6872705,2
7213812,2
7215170,1
6829916,0
7232646,2
7234286,0
6911340,0
7211540,2
7172329,1
6823457,0
6844298,1
7011662,0
7199627,0
6829168,1
7223841,0
6870493,0
7208201,0
7076039,0
7172202,1
7112702,1
6919047,0
7156157,0
6882119,1
7004348,0
7049620,0
6894564,0
7180816,0
7099489,2
7225795,0
6903112,2
7066062,0
6948082,1
6933156,2
6845240,2
7037867,2
6977472,0
6957732,2
7193061,2
7228818,1
6919644,0
6827214,2
6901013,1
7145418,0
7009597,0
7114050,2
6821267,1
7160644,2
6970870,2
7103806,0
7186566,0
6827748,0
6860359,1
7052544,1
6819051,0
7172856,2
6850102,0
7231070,0
7109646,0
7098544,2
7158471,1
7180680,1
7012709,0
6894676,1
7147867,2
7226716,2
6994968,0
6984012,0
7016940,0
6902913,2
7141030,1
7226192,1
7109590,2
7232169,2
6939566,0
6961017,2
7118702,2
7210534,0
7064813,0
7160670,0
7025071,2
7125901,0
7043855,2
7073535,0
6955351,0
7209301,1
7016453,2
7176016,1
7107466,1
6972857,1
6909448,0
7145569,0
7006757,0
6881312,2
6819399,0
7056588,0
7148782,0
7093803,1
7011856,0
7516705,2
7142083,0
7141526,0
6915962,0
7176826,2
6849059,1
6866279,0
7182044,1
7152850,0
6977339,1
6974432,0
6964624,0
6858262,0
6998002,1
7115719,0
7221371,0
6833795,0
7049673,1
7095607,0
6877869,0
6847897,1
7226377,1
6874323,2
6882701,1
6836210,0
6891073,2
7089900,1
7072556,0
7178123,1
7168383,0
7053699,0
7131858,0
7082439,0
7050155,2
7020992,2
7037940,0
7128222,0
7027080,0
6996532,0
7099253,1
7099155,0
7007398,2
7207016,0
6868627,2
7063215,1
6865118,0
6908629,0
7064881,0
7022790,2
7099440,1
6962196,0
7130761,0
6916070,0
7153754,0
7171299,0
7073318,0
7191633,0
7039922,1
7222927,0
7194154,0
7199720,0
6914721,0
7117139,0
6909840,1
6979196,1
7190861,0
7188062,0
6905864,0
6937924,1
6995615,1
7101491,0
7289040,0
7103961,0
7208391,0
7190892,1
6882228,0
7043375,0
7115832,1
6814609,1
6975563,2
6929002,0
6814042,1
7460853,1
7196579,0
6978134,0
7187778,0
7232852,1
6998350,0
6995300,1
6954145,1
7173162,1
7022037,0
7199441,0
7183220,0
6826990,1
7106355,0
7218196,0
7061520,0
6900760,2
7186171,0
6840344,2
6825055,1
7014371,0
6841682,0
7219848,0
6906144,2
6846942,0
7141252,1
6914680,0
7173609,1
6815494,0
6839856,1
6922285,0
6945614,0
6882053,0
7136953,1
6825178,0
7094306,2
6867470,2
6993683,0
6879925,1
7037927,2
7136369,0
6907900,0
7197648,0
7003562,2
6845619,0
7232920,2
6969642,1
7051439,0
6869313,0
6859395,0
7614012,1
7154868,0
6911737,1
7169588,2
6968228,2
6822633,0
6891119,1
6931569,1
7191394,2
6813812,1
7189908,0
7101914,0
6900045,0
6912313,0
7048914,0
7004726,0
7160145,1
6970496,0
6841068,1
7106946,0
6947679,1
7001976,2
6846718,0
7099887,1
6865000,1
6961612,0
7169635,2
7170424,0
6904284,0
6863561,0
6919835,0
6957497,0
6822754,0
6902465,2
6959567,2
6812524,0
7142555,2
6845903,1
6937063,0
6986565,0
6962218,0
6904182,2
6892103,1
7180729,0
7591923,2
7093994,1
7082718,2
6850248,0
7300419,0
6882277,1
7092563,1
7194374,1
6884524,0
7153662,2
7058625,1
6907788,0
7123311,0
6885249,0
7101134,0
7221141,0
7170522,1
7192283,2
7215566,0
6821811,0
6937838,0
7096118,2
6912585,0
7094886,0
7098690,1
7221770,2
7078502,1
7113049,0
6946551,0
6830499,0
7196806,0
6843884,0
7191164,0
6883827,2
6961297,0
7217353,2
7143207,0
6973046,0
7009700,0
7060605,1
7142067,0
6913508,1
7039964,2
6993743,0
7019234,0
6866967,2
6838639,0
7056280,1
6840040,1
7220669,1
7158810,1
7018829,2
7150473,1
6994476,1
6952855,1
6934976,0
7072558,0
6819009,1
6817899,0
6868412,0
7159148,1
6820083,0
6871847,0
6844802,0
6871500,2
6958985,0
6820431,0
7068804,0
6965668,0
7187573,0
7000622,1
6969997,2
6854453,0
7203251,2
6909864,0
6868139,1
6824121,2
6955992,0
7227270,2
7099542,2
7126190,2
7059302,0
6883024,0
7021078,0
7039338,2
7026169,1
7220467,0
6928401,0
7030819,2
6941977,2
6890907,0
7183422,0
7061295,0
7032153,1
6838496,2
6820023,0
7004487,0
6938613,1
6983487,0
7018588,2
6919514,0
7023569,1
6973446,2
6952231,2
6863048,0
7061116,1
6915311,0
7282714,0
7226871,2
6823976,0
6988200,0
7210662,0
6849827,2
7017012,0
7172635,0
6983809,2
7048589,2
6994791,1
6872149,0
7039405,0
6859799,1
7135606,1
6848198,1
7184874,2
7233708,1
7154166,0
6858375,2
6834463,0
7193480,0
6846770,0
7205534,0
6966038,0
6899602,2
6966784,0
6859875,2
7015013,0
6858281,0
7075256,0
6900598,0
6832354,0
7072919,0
7147244,0
6901331,0
6990458,2
6975962,2
6907079,2
6852493,2
7223842,0
6861502,1
7116590,1
6980739,1
7014701,0
6839993,2
7045305,0
6969112,0
6986028,2
7151094,2
7224038,1
6871205,0
7117363,0
6939489,0
6909756,0
6991189,2
6812319,0
6934209,1
6830974,1
6979279,0
7040809,1
7018490,0
7166941,1
7042994,0
6850683,0
7172369,2
7169751,0
7200897,1
7229703,0
6960459,2
7211227,0
6978203,1
6997537,1
6905670,0
7142744,0
6945350,1
6923023,1
6934261,1
7049392,0
6946840,0
6910609,0
7067533,0
7157201,0
7138079,0
7172136,0
6822825,0
7145845,0
6964854,2
7156874,0
6815121,1
6984982,0
7084177,0
7057752,1
6923414,1
7025606,0
7105077,1
6864085,1
6879512,1
7132246,1
6850352,2
6983859,0
7178773,0
6833106,2
7000228,1
7063796,0
6977126,0
6909247,0
6976499,2
6970809,2
7232323,1
7001006,0
6865376,1
7170187,0
7140149,0
6978352,0
6869951,2
7184772,2
6902650,1
7130661,0
6970530,0
6889845,1
7162844,1
7120539,0
7129145,0
6995555,0
6959191,2
6948482,2
7230843,1
6870080,1
7023848,0
7175120,0
6962697,0
6960058,0
7057226,1
7127991,0
6891063,2
6988032,1
7008838,1
6970150,2
7025241,2
7116706,2
7106347,0
6913669,0
6820842,1
7089521,0
7179196,0
6813541,1
6877240,2
7127739,2
7226034,0
7111533,0
7054993,0
7141293,1
7157550,1
7082541,1
7083808,0
7196336,2
7121100,1
7000407,0
6939152,1
6860892,0
7232308,2
6925673,0
6985558,1
7080416,1
7164740,1
7156761,0
6842026,0
7194930,1
6831458,1
7169307,2
7166167,0
6986681,0
6934147,2
7053572,2
7221419,1
7082693,1
6904985,1
7001573,0
7186981,0
7126402,0
6998488,2
7049140,1
7111874,0
7008661,2
7001152,0
6898998,0
7063182,0
7003112,0
7121154,2
7181938,0
7153691,0
6959387,2
7144670,2
7046687,0
6970503,2
7189031,1
7076688,1
7008082,2
7052525,1
6912594,0
6941945,0
6984817,0
7101324,0
7109651,1
6913120,0
6990913,0
6930189,0
7077657,0
7045733,0
7002368,1
7040085,2
6812855,2
6868156,2
7127660,2
7116793,0
7176696,0
7089981,0
6983846,0
6856328,0
7208761,2
7094582,2
7120223,2
7090059,0
7091139,2
6848665,1
7008570,1
7089031,0
6841008,0
7161495,0
7104252,0
6937505,0
6835599,0
7124914,0
6943240,0
6879769,0
6842930,2
6994131,0
7072381,1
7057671,0
7215993,0
7135097,1
7148577,2
7026846,0
7129546,1
7052568,2
6843895,0
6929456,0
7172253,0
7139672,0
7126989,0
7194933,1
7018369,0
6836913,2
7177434,2
6998148,0
6993447,0
7202998,0
7012598,0
7126932,2
7073741,2
6835130,1
7112875,0
7160494,2
6895603,1
6969884,1
6917069,2
7218598,1
7171725,2
7222270,0
7194624,0
7230682,2
6821976,0
6995845,0
7232249,2
7168441,2
7154425,2
6879713,2
7052097,0
6882496,0
6877275,2
7152233,0
6974454,1
6921327,0
7179017,2
6998376,0
6968307,0
6999699,0
6968281,0
7092186,1
7159869,2
7197978,0
7121654,2
7141344,0
7001148,0
6981450,0
7144624,0
6827659,0
7222629,1
6920304,0
7079267,0
7096183,1
7116134,0
7154575,0
6815990,0
6845770,1
6850367,1
6840635,1
7055134,1
6968529,0
7053760,2
6920077,1
6911763,1
7007690,1
7202961,0
7220811,1
6916212,0
6908241,1
7054955,2
7019382,1
7029575,1
6872749,1
6830232,0
7027753,0
7036489,2
7212591,1
7073975,1
7153784,0
7122377,0
7127622,2
6999507,0
6994296,1
6905478,0
7205093,2
6814854,1
6883301,0
6912041,2
7143154,1
6840332,0
6831812,2
6956329,1
7167585,1
7080364,1
7077116,0
7158494,2
6818385,0
7029650,1
7080405,2
6991737,2
6983446,0
7064242,0
7033960,0
6909086,0
7194730,1
6976655,2
6923155,1
7117528,2
7166807,1
6968028,1
7024188,2
7089707,1
7143257,0
6967276,0
7217453,0
7124798,1
6965497,1
7134028,1
7172562,2
7121549,2
7093771,0
6882144,2
6920911,2
6943566,1
7005792,0
7055682,1
6987404,0
7223038,0
6975536,2
7591891,2
7067719,0
6976339,0
7131704,1
7092852,2
6973097,0
6972032,0
7130575,0
7132014,1
7062055,2
7171405,0
7049814,0
7136796,0
6999192,1
7068835,0
6934742,0
7153132,1
7173024,2
7024631,1
6938670,0
7191153,0
7163153,0
6927110,1
7074652,0
6997505,0
7117733,0
6849324,1
6921409,1
6996042,1
7009589,0
6850074,1
6907019,1
7172003,2
7204129,0
6907168,2
6855053,1
7091308,2
6963695,1
7129064,0
7224329,0
7090219,0
7226086,1
7025842,1
6878249,2
7042682,0
7146503,0
6864382,0
7063286,2
6912964,0
7167966,0
6898648,1
7234457,1
7197888,2
7104743,1
7200446,0
7113377,2
7194183,2
7004089,0
7225949,1
7108683,2
6858885,2
6815914,2
7173934,1
7060117,1
7171951,2
6934555,0
7190580,0
7178292,0
7118716,0
7183108,0
7089569,0
7040914,1
7022728,0
7109180,0
7049316,0
6868128,1
6915733,2
7139082,0
6852115,0
6894500,1
6854948,2
7067129,0
6870288,0
6822993,0
7026427,1
6927842,0
7044186,1
6959453,1
6851424,2
6844207,0
6839002,1
7031877,0
7058243,0
7018204,0
6929022,0
7083195,1
7059049,0
7112924,1
6864925,0
6816575,0
7113092,2
7098782,1
7230789,0
7212753,1
6872072,2
7201716,2
6967132,1
6836662,0
6826447,2
6975202,2
7098422,2
7475973,2
6905099,0
7069843,0
7065562,1
7232104,2
7007722,2
6857026,0
7096838,1
6825461,2
7180547,1
7052026,2
7063154,1
7048937,0
6919299,0
6840141,1
7077272,0
7012386,0
6989426,2
7114198,1
6944376,0
6942992,1
6984022,0
7219420,0
7002314,1
6859577,0
7071460,1
7225688,0
7057681,0
7134934,0
6837446,2
6845048,2
6927036,1
6981395,2
6959275,2
7131019,1
7136167,1
6925088,1
7130142,1
7233364,1
7029462,0
7001639,1
6864953,1
6921942,1
7138508,0
6900851,1
6893853,0
7156058,0
6903768,0
7218833,0
7021070,0
6982500,0
6824893,2
7156511,0
7054788,0
7121345,0
7112314,0
6846449,0
7118924,2
6854223,0
6999689,1
7064272,1
6941734,1
7132328,0
7203422,0
7042438,0
7045799,0
6875159,0
6899421,1
6947194,1
6885448,0
7254141,0
7222043,0
6914854,0
7151233,2
6930005,0
7187877,0
6981809,0
6976492,0
7186984,0
7125301,1
6883008,1
6935233,2
6896284,0
7154477,0
6957564,1
6814921,1
6821855,1
7067459,1
6817075,0
7006727,1
6919501,0
6979882,0
7200059,0
6881001,0
6858630,1
6984551,0
6864840,1
6862074,0
7227808,2
6819377,2
6923037,0
6875066,0
7165603,2
7099173,1
7214357,1
6878700,2
6979140,2
6892743,0
7067912,0
6839972,2
7058851,0
6821325,2
6879306,0
6929938,0
6924193,0
7122537,2
7101813,0
7006400,0
7053866,2
6927708,1
6971960,0
6936840,1
7176236,0
6850088,2
7032181,2
6947327,2
7071142,1
6888512,0
6843891,2
7033752,2
6903133,2
7154410,0
6974068,1
6826304,2
7016326,1
6971358,0
6856645,0
7079941,1
7214417,1
7079926,1
6985362,2
6937052,1
7215646,0
7172426,2
7220586,1
7186108,1
6886994,0
7027521,0
7180573,1
6955211,1
6995370,2
7122258,0
7233989,0
7130597,1
7212817,0
7146087,0
6991942,0
7153361,0
7188579,1
7038756,0
7168407,0
6998441,0
6971134,2
7100801,0
7129276,1
6908370,2
7112757,2
7115422,1
7175794,0
7055648,0
6979836,0
7114254,0
6866825,0
7102560,2
7122047,2
7157263,1
7094854,0
6824864,1
6932225,0
7167433,0
6839984,1
7172194,2
7122237,0
6922039,2
7157091,0
7070880,1
7151595,1
7023481,0
6960021,1
7190520,1
6882811,0
6900179,1
7149163,2
7158123,2
6933865,1
6902043,0
6955327,0
6972922,0
7151717,0
7001819,1
7166821,1
7168929,1
7004479,0
7051093,0
7120071,2
6899219,0
7197990,0
7211549,0
7213998,1
7177130,1
7012664,2
7197546,1
7133827,0
7209853,1
6997071,2
7185096,0
6975479,1
6830577,1
7106508,0
6855943,2
6903836,0
6818867,0
6926506,0
6965334,1
6825189,1
6977531,0
7219065,2
7048816,0
7229066,0
6885381,0
6959884,0
6918675,0
6825700,1
6961404,0
6904996,2
6864074,0
6862062,2
7146579,0
7184923,1
7089932,1
7205263,0
6821278,0
6978866,1
6993400,0
7225791,1
6970231,1
7229232,0
6953280,0
7111425,1
7007368,2
7177354,2
6982239,1
7131952,2
7199947,2
6976239,0
6916889,1
7117441,0
6951899,0
6843896,1
6961377,0
6975174,0
7138891,0
7021955,1
7119567,0
6975322,2
7070426,1
6904568,0
6900384,0
6910343,0
7224834,1
7218233,1
7017018,0
7028377,0
7060684,0
7231944,2
7168961,1
7037910,2
7069761,1
7014551,0
7027958,0
6982910,0
6852902,0
7211226,1
7144278,0
7069575,1
7019329,1
7173127,1
7117977,0
6839082,1
7025920,0
6991361,1
6846880,1
7083538,0
6820071,2
6976265,2
7173497,1
6936560,0
7173969,0
6827145,2
7043275,0
7178896,2
7075644,0
6957127,1
7527148,0
6972404,0
7061621,1
7130809,0
7191404,0
7194630,2
6895024,2
6866834,0
7221882,0
6970517,1
6988981,1
7217828,2
6998978,0
6925402,1
6812086,0
7216558,1
7185982,2
7130389,0
7117691,1
7111524,0
6868117,1
7091936,2
7054650,0
7231093,1
7212004,1
7118496,0
7143899,2
7176189,0
7110523,1
7023402,0
7177581,1
6939013,0
7105494,1
7225913,0
6820816,0
6945854,1
7063761,0
6899143,0
6843720,0
6867000,0
7105791,2
7154785,0
7095368,0
7051321,2
7121912,0
7037132,0
6999313,0
6835747,0
7194678,1
6860505,0
6998645,2
7099312,1
7044223,2
6975609,1
7225247,0
7094910,0
7155798,2
7140922,1
7224018,1
6929283,0
6943908,0
6899281,0
7042027,1
7061206,1
7080857,0
7192873,2
6973011,0
6997287,0
6955520,0
7187706,2
6914801,0
6989726,1
6894457,1
6819759,2
7019513,0
7077269,0
7225494,0
7217468,0
6924807,1
7193985,1
7057138,0
7124548,0
7129169,0
6851952,0
6852206,0
7028593,0
7023537,0
7232598,2
6911693,1
6962047,0
7166536,0
7131630,2
7176148,1
7061774,1
7091644,1
7227963,0
6902756,2
6996227,1
6828281,2
7168113,1
7096620,0
7227609,1
6887008,0
7129079,1
6926568,0
7119061,0
7079049,2
7150132,0
6886772,0
7164868,0
6820318,2
7219470,0
7032227,1
6857696,0
7123156,0
7142459,0
7200033,0
6981061,2
7135984,2
6980713,2
7043644,0
6881935,0
6900688,2
7176913,0
6993033,0
6998126,0
6959929,0
7004549,1
7209947,1
6826829,1
7144265,0
6825509,0
7010859,2
7225846,1
6856132,1
7136691,0
6832601,0
6953406,0
6874202,2
6828409,2
6885812,2
7009502,0
7219285,0
6826036,2
6994719,1
6986159,0
6896326,1
7149175,0
7012278,1
6917275,0
6952388,0
7216781,1
7116846,1
7088351,1
7037232,2
6878347,1
7209022,1
7228450,0
7024337,1
6930324,0
6822568,0
7186327,1
6989636,2
7058436,0
7170574,1
7104116,0
7217912,0
6959685,2
7059911,0
7093075,1
7003869,0
7125237,0
6816016,1
6858245,0
7042880,2
7079805,0
6984267,1
6953517,2
6884884,0
7094705,0
7193716,0
6853845,1
7070492,0
6924175,0
7064177,0
7114181,2
6829509,2
7005878,0
7153144,1
7084016,2
7075279,1
7159446,0
6997270,0
6955143,0
7018750,1
6931828,1
7223282,0
6913104,0
7225885,1
6824979,1
6981745,0
7003033,1
6875868,1
6856683,2
7097221,0
7157755,2
6842964,2
7102561,1
7209461,1
6978981,0
6868277,0
7027416,0
6990751,0
7130949,0
6932677,2
6973012,0
7223317,0
7135463,1
7136854,0
6813728,0
6899851,1
7015750,0
7078582,2
6866772,0
7199664,1
7121452,1
7088856,0
7049030,2
6863891,0
7184833,0
6901999,0
7232477,0
6975678,0
7137286,2
6877723,0
7104671,0
6937802,0
6888897,0
7228936,0
7223141,0
6814533,1
7229332,0
7061655,1
7118175,0
7227119,1
6987464,0
7099730,0
7172456,1
6924817,0
7190423,1
7075572,1
7171366,1
7193398,0
6966320,0
6888213,1
6883364,0
6953470,1
7170235,1
7110712,2
6915446,0
7042514,0
6960274,2
6970457,1
6907695,1
7222240,2
6825040,2
6899159,1
7125946,0
7091424,0
7013313,0
7224008,0
7019427,2
7059215,2
6830579,0
6892315,1
7223180,0
7138375,2
6992213,0
6946163,0
6906634,0
6874083,1
7023752,1
7123932,0
7100194,0
6828659,0
7174924,0
6837305,1
6856237,0
6927617,0
7008053,1
7160366,1
6994255,2
7065461,1
6856689,0
7147435,0
6943991,0
6992089,0
6882195,0
7136129,0
7065821,1
7030959,0
6995081,1
7052584,1
6825386,1
7163313,0
7150079,0
7155095,2
6862231,1
7000836,0
6962724,2
7016598,2
7075537,2
7112352,0
6916556,2
6983187,1
7098657,2
7216215,2
6978553,0
6999809,0
6832970,2
7135284,0
6872863,1
6946545,0
7003060,0
6841349,0
7044754,2
6837901,0
6893195,0
6884859,1
6928405,0
6945323,0
7038832,0
7055825,1
6934093,1
7144572,0
7155878,2
6907180,1
6856019,2
7196830,0
6917443,0
7022149,0
6999702,0
6943674,1
6972997,0
7015650,2
6996819,2
6888564,0
6901174,1
7206429,0
6970258,2
7187350,2
6876428,1
7196412,0
6975665,2
6868859,1
6953322,2
7181482,0
6952779,0
7074209,0
6826056,0
6905456,0
6987423,0
7212419,1
7017113,1
7211254,0
7081717,1
7007653,1
6938306,1
7174266,2
7120701,1
7053884,2
6845499,1
6839575,0
7021552,1
7123234,0
6813385,0
6935386,0
7022996,2
6834535,2
7080365,1
7200806,0
7038187,0
6919033,0
6974136,1
7014009,0
7114178,2
6897623,0
7172027,1
7192749,1
6936309,1
7178612,0
6932814,1
7209941,2
6869318,0
7038789,0
6812103,0
7220149,0
6958586,1
6940132,0
6868478,2
7013394,1
6962698,1
7154778,1
7156298,0
6987723,0
7229473,1
6970330,2
7139783,1
7015805,0
7147047,0
7150878,1
6962404,1
6842414,1
7024881,1
7079737,0
7095347,0
6969759,1
6820514,2
6864467,0
6867247,0
7082182,2
7138293,0
7103645,1
7104486,2
6817239,2
7090109,0
7039498,0
6838881,0
6914075,0
6960386,1
6958751,0
7192282,1
7097150,1
7210469,1
6971815,2
7038274,1
7079918,2
6836373,0
6935488,0
7005443,1
7221812,1
7075705,1
6855180,0
6932241,0
7129996,0
7061879,2
7037978,1
7027523,2
6904835,2
6999283,0
7209792,1
7207931,1
6937582,1
6894206,1
7140006,2
6944720,0
6895219,1
6856618,0
7196366,2
6880599,0
7145053,0
6923893,0
6888829,2
7144387,0
7068333,0
6907737,2
7427875,1
7105202,2
7010004,0
6833060,2
7092797,1
6997522,2
7177665,2
7141024,1
6911784,1
7096673,1
6973130,1
6919993,0
6902251,1
6953360,0
7220048,0
6822841,0
7126131,2
6900767,2
7028567,1
7042159,0
6916310,0
7204242,0
6850505,2
6968285,1
6867914,1
7036268,0
7035694,0
7125361,1
7120110,0
6842597,1
7144427,0
7115681,0
6995434,1
6980492,1
7138801,0
6838175,2
6920874,1
6902176,0
6813298,0
7188719,1
7111133,2
7192033,1
7157098,2
6820533,1
7129297,0
7078788,1
7160173,0
7100699,0
6839220,1
6886688,0
7012347,0
6992643,0
7129549,0
7133049,0
7167037,0
6915370,1
7097541,0
6936687,0
6872094,1
6860660,0
6820764,0
6996636,0
7220191,0
7019653,0
7173575,0
6841700,0
6975991,1
7022551,0
7127235,0
6839844,1
6888671,0
7139140,2
7230448,0
7132227,0
7339903,1
7096411,1
7041677,0
7223982,2
6918087,0
7233727,2
7129842,2
7054421,0
6931244,0
7016350,2
7081386,0
7033871,2
6928428,0
6850002,1
7226283,0
6951882,2
6988694,1
7001061,0
7073502,1
7125134,0
6852911,0
7079580,1
7216129,2
7092580,1
7103879,0
6909445,0
6989836,0
7061881,2
6934066,1
6994375,1
6917392,0
6934279,0
7041890,0
7029322,0
6858775,1
6849107,1
6834715,1
7041904,1
6931445,0
6854456,1
7231932,1
7181313,1
7138805,0
7043337,0
6914111,0
6899785,0
7108156,1
6856348,1
6980577,1
7124465,0
7047974,1
6854523,1
6966746,0
7052315,0
7083712,1
6833851,0
7074798,0
7115540,0
7187990,2
7225996,2
7031342,0
6842569,0
7147603,0
6819406,1
6826827,1
7023101,0
6890852,2
6966980,0
6822972,0
6839221,1
7091805,2
7037953,2
7190100,2
6942654,1
7112202,1
6941244,0
6852663,1
7040966,0
6930663,0
6985623,1
6936418,2
7159488,0
7131067,0
6939892,1
6885872,0
6850568,1
7164565,0
7103385,1
7076245,0
6870026,0
7204906,0
6994328,2
6982167,2
7019553,0
7093908,1
6972471,0
6924797,0
7089849,1
7134960,1
6942673,1
6892742,0
7123696,0
7189790,0
7207845,0
7150250,0
6849151,1
7010217,0
7055816,0
6962079,1
7231208,0
7137278,1
6986558,2
7108658,2
6876581,0
7126845,2
7108188,0
6925525,0
6905008,1
7198551,0
7230914,0
7166813,0
6843739,0
6958690,2
6935292,0
7197209,0
6936382,1
6928806,0
7115080,0
7168256,1
6884086,1
7080555,2
6926691,0
7134086,0
7001406,0
7232601,1
7181072,1
7100336,1
6948160,1
6863961,0
7110339,1
6923237,2
6902593,1
7113710,0
7216627,1
6958201,0
6821240,0
6963040,2
7232634,0
6847810,1
6818767,0
7170962,1
6820631,0
6918626,1
7230234,0
7108944,0
6823395,0
7055415,0
7038581,0
7083349,0
7131982,0
7170011,2
7164531,0
7029816,0
6887179,1
7025988,0
7222034,2
7202789,0
6981272,2
7110978,1
6935343,0
6831662,0
6838438,2
6980319,1
6927488,0
7083615,0
7046583,0
7019544,0
6887072,0
7165096,0
6993029,0
7110183,1
7224480,1
7120132,2
6840060,0
6867573,2
7178623,1
7159029,0
7037798,0
7234377,2
6828569,0
7149928,0
7081135,0
6882922,0
7198689,1
6851780,2
6973549,2
6828722,0
6992332,2
7191694,1
7024838,2
7166154,0
7181811,1
7093662,2
6986066,1
6898410,0
7052342,0
7157152,2
7044503,1
7041180,0
7022998,1
7112910,1
7161091,0
6831042,0
7032732,1
7112232,0
7164891,0
7053280,1
7150641,2
6914112,0
7113931,0
7216194,1
7127399,1
7064677,0
6918248,0
7171903,2
6882338,0
6954185,0
6953288,2
6920515,0
7078573,1
7207140,0
6827297,2
7082570,1
6911503,2
7081699,0
7205487,0
6942690,1
7094673,0
6948252,0
7214468,1
7052700,0
7159361,0
7171763,2
6882715,0
7164697,0
6842206,0
6930034,1
7232018,0
6987109,1
7017087,1
7173201,1
6825437,0
6984816,0
7070836,0
6820086,1
7131607,1
7021376,0
7061725,1
7059131,0
7016931,0
7049824,1
6939393,0
6832445,0
7142513,1
6970410,1
6963186,1
7145315,0
7175423,0
6891114,2
6921665,0
7065752,0
6902060,2
7011200,0
7166173,2
7051428,0
6813164,0
6978406,2
7030747,0
7073787,0
6848807,0
6873797,1
6821029,1
7127533,1
6839022,1
7105624,2
7147941,1
6999123,0
6938883,0
6982290,2
7155576,2
7057628,1
7126161,1
6821452,1
6871535,0
6875551,0
6877417,0
6890410,2
7049605,0
7159959,2
7097527,0
7069041,1
6880542,0
6925033,1
6959720,2
6832333,0
6999464,1
6842623,0
7168939,2
7004610,0
6873170,1
7108839,1
6909847,0
6865214,2
6987401,0
6901472,0
6873028,0
7187089,0
6883550,1
6858049,1
7137656,0
7109536,2
7150805,0
7118139,0
7152004,0
7072845,0
6967221,2
7088781,2
7139296,0
6854280,2
6896695,1
7172180,2
7029809,1
7160529,0
7066209,1
7121145,0
7088231,0
7089337,1
7061225,2
6929816,0
7102536,0
7099403,0
6961256,0
6987284,1
7063397,0
6864032,0
7167166,2
6971402,2
7186820,0
6866535,1
7141750,0
7200119,0
6831918,0
6922267,1
6979280,1
7098552,1
7221480,0
6829314,1
6937858,1
6942425,2
6867410,1
7234365,0
7055661,1
7013895,1
6997925,1
6975252,0
6878957,1
6821552,2
6826834,1
7221388,1
6879589,2
7163010,0
6994714,0
6969507,1
7167688,1
7066385,2
7153993,0
7072455,0
6948008,1
7036774,1
6850208,1
6881300,0
6872787,1
7046207,0
6881900,0
7114138,2
7077028,1
7148780,0
6935167,0
6847214,0
7072198,1
7036727,0
7163618,1
7054054,0
6843242,1
7010286,1
7095154,0
7028081,2
6941477,0
6833066,1
7123494,2
6884326,2
6888320,0
7057049,0
7233811,1
7162892,2
6860069,0
6895664,2
7020073,0
6929508,1
6882877,0
6963110,0
6858016,1
7170294,2
7096079,0
6996046,0
7027896,0
6901749,0
6820486,0
7045721,0
7221200,1
7178398,1
7128030,0
6842058,0
7097723,0
7143101,0
7179093,0
6852159,0
7206240,1
7136692,1
7099313,0
6881879,0
7048076,0
7220831,1
7175841,1
7022746,0
6842275,0
7129613,0
6854495,1
6877643,2
7083174,0
7025646,0
6839675,1
6939184,0
7226931,1
6921607,0
6884537,0
7058282,0
7154661,1
7003026,1
6945987,0
6900410,0
7012684,0
7205310,0
6923658,1
7031410,0
7188135,2
6934628,0
6865810,0
6901384,1
7133905,1
7011154,1
7182311,0
7057620,1
7098603,2
7117145,0
7068599,0
6936161,0
7220833,1
7154127,1
7063162,1
6995228,2
7133548,0
6892191,0
7012954,0
6916957,2
6978635,0
7181269,2
7019879,2
7129255,0
7073228,0
7042513,0
7202394,0
7151407,2
6989990,0
6954024,0
7142528,0
6916256,1
6819957,2
7131383,1
7183357,0
7113611,1
7219291,0
7172095,0
6941403,0
7125143,0
7008226,0
6944850,0
7000129,1
7068339,0
7060036,2
7193056,1
6955988,0
6816717,1
7155595,1
6830498,1
7021994,0
7075533,0
6910644,0
6937019,0
6962845,1
6812150,0
7184332,0
6971424,2
7080280,0
6848786,1
6833905,2
6988197,1
6935801,2
7047286,1
6906364,0
6959950,1
7017110,2
7120157,1
7223444,0
7127492,2
7152818,0
6860893,1
6851537,0
6990643,1
6880936,0
6891278,1
7189411,0
7209668,2
6972325,0
7121695,0
7138701,0
6910031,0
6815148,0
7591849,1
7173891,2
6851066,0
6887198,0
6905468,0
7199378,0
7069547,1
7001144,1
7155925,1
7206557,0
7180433,1
7159944,0
6993798,0
6930615,1
7093820,0
7209967,0
6946655,0
6886614,0
7165446,0
7064431,1
6865016,1
6954384,2
7095883,0
7219424,0
6853297,0
7088015,0
7091124,1
7041606,0
7102661,2
6840084,1
7174287,2
6970106,1
7040361,0
6846421,0
7171882,1
7087880,0
7066619,0
7008427,1
7097831,0
7218680,2
6839824,1
7024440,2
7058867,0
7148439,0
6957842,2
6966562,1
7010832,0
7547612,2
6984324,2
7153559,2
7091487,1
7034121,0
7055099,0
7095871,0
7111275,1
7224184,0
7046212,0
6937962,2
7390010,1
6841790,2
7021262,0
7126938,1
6825212,2
6821136,0
6875768,0
6927598,2
6955173,0
6943317,2
7141978,0
7225927,2
7117492,0
7161908,0
7010641,1
6933414,1
7043478,0
7175061,0
7145648,2
7020011,2
7022250,0
6872228,0
7036997,1
7126793,1
7063099,2
6828922,0
7078342,0
7005452,1
7105515,0
6999525,0
7058332,1
7214414,1
7110090,1
6813808,2
6962759,1
6845580,1
7023512,1
6874533,1
7203227,0
7062212,2
7208614,1
7110020,1
7133877,0
7196711,0
6850920,0
7187577,0
7120382,0
7213595,0
6821776,2
7189449,0
6875368,1
6919607,1
6964818,1
6999694,1
7031047,2
7002184,1
7140563,0
6877185,1
6929068,0
7232293,1
7121814,0
7141748,0
7089370,0
7034156,0
7110900,0
7168878,1
6912860,1
7036632,0
7214548,0
6952153,0
7077173,0
6921273,0
7010311,1
6976344,2
7095717,0
7053597,2
6879246,0
6851165,0
6931775,1
6844483,1
7002788,2
7094486,2
6967298,0
6843856,1
7044045,1
7104972,2
6948052,1
6975645,2
6913335,0
7108774,0
7013817,0
6952322,0
6883087,0
7186450,0
7039612,0
7070159,0
6966885,2
7119900,2
7153083,1
7210571,2
7094230,1
7670925,2
7160539,1
7205684,1
6887016,0
7163904,1
7025746,0
7229662,1
7041973,0
7157249,2
6821661,0
7042984,0
6977171,0
6825997,1
7168495,1
7131652,1
7036421,0
6926822,2
7032712,0
7222056,1
6942966,0
7140409,0
6860046,0
6845775,1
6883197,1
6944079,2
7213015,0
6982912,0
7076222,1
6956866,1
6864969,1
7046629,1
6876574,1
7196986,0
6829906,1
7169182,2
7110652,0
6864578,0
7050617,2
6984924,1
6901573,0
7052380,0
7222445,1
6812715,0
6839585,0
7070825,2
7225020,1
7038404,0
7185304,0
6888846,1
6900281,1
6820819,0
6993629,2
7161132,0
7171093,2
6866205,1
7232047,1
6976646,2
6826112,0
7151208,0
6910702,0
7154969,0
7134280,0
6942943,1
6813884,2
6958414,0
7177804,0
7047684,0
7017990,0
7194694,2
7040570,2
6854684,1
7229790,1
7125623,0
7030696,0
6827470,2
6867343,2
6887643,0
6875392,2
7139951,0
7010644,1
6966395,0
7093379,1
7034266,0
7212569,1
6885742,2
7096062,0
6815367,1
7070084,0
6913083,1
7003889,0
6852856,0
6869142,1
6999553,0
7084019,2
6846159,0
6845254,1
6851254,1
6826636,1
7148476,0
6826559,0
6813483,1
6930152,0
6998876,1
7044649,1
7025330,1
7133359,0
7014694,1
7225266,0
7000859,0
6920898,1
7018815,0
7139769,0
7038177,0
7078827,0
6823561,2
7179762,2
7042685,0
7232785,2
7099600,1
7112138,0
6934160,2
7209748,1
6947126,0
6826997,1
7201210,1
7060390,1
7096384,1
7096956,1
6917115,1
7231082,0
7136735,1
6957466,0
7023348,2
6986209,0
6876962,0
7144819,2
6974812,0
7016941,0
6921559,0
6988034,2
7148760,0
7084157,0
7122102,2
7116032,2
7209633,1
7047585,0
6956202,1
6854409,2
6968127,0
7188711,0
6853269,1
6987516,2
6879074,0
6929953,1
7046053,0
7232177,1
7018549,2
7063482,0
6819509,2
7083143,0
6818520,2
7037089,0
6881567,0
6934670,0
6980338,0
7162464,1
6844814,1
6894964,0
6966319,0
7222936,0
7031834,2
7072943,0
7110678,0
6943048,1
6889375,1
6847011,0
7161759,1
7229074,1
7194686,1
6967296,0
7211072,1
6837439,0
6827331,2
7217631,2
7063468,0
7101546,1
7147471,0
6972724,1
7190679,1
7014525,0
6921724,0
6844720,1
7133339,0
7121115,1
7151713,0
7048350,1
6991128,1
6819401,2
7011655,0
7131840,1
7189567,0
7177938,2
6978377,0
7120579,1
6897746,2
6825928,2
6851076,0
6945212,1
6867541,1
7201621,1
6841061,2
7025200,1
7002568,2
7128195,0
6872292,1
6824821,2
7001551,0
6838610,0
6966915,0
7106343,0
7114252,0
6896893,1
6931632,1
6825162,0
7174918,0
7003084,1
7206743,0
6877259,1
7168889,0
6955645,0
6915890,0
7168405,1
7176691,0
6866707,0
6906764,1
6974511,1
6879416,1
7147989,0
7074332,0
7141494,1
6948507,2
6938046,1
7180825,1
6835728,0
6997001,1
7121460,2
6984049,1
7144348,0
6863060,0
7009479,0
7112281,0
7172324,1
6961831,0
7107067,0
6895623,1
7001916,1
6952066,0
7088333,0
7112492,1
7006635,0
7168555,2
6981680,2
6944889,0
6929445,0
7094544,1
7233705,1
7070866,2
6976148,0
7047717,1
6883766,0
7090865,0
6837342,0
6821558,1
7003704,1
7171037,1
6878942,1
7006308,0
7060038,0
7054676,2
6971030,2
7014743,0
7171681,1
6958491,0
6919406,2
7171677,1
6874392,1
6843991,1
7181073,2
7197902,1
6839810,2
6946818,1
6900939,1
7087953,0
6816854,1
7132905,0
6975780,2
6990128,1
7109899,0
7213031,0
6815144,0
7107906,0
7218964,0
6937872,1
7169218,0
7114131,2
6973788,0
6942676,1
6879727,2
7015072,2
7029173,0
7104148,1
6982639,1
7035751,2
7184933,2
6849051,0
6998351,0
7127559,1
6892493,0
7015701,0
6954398,1
7037037,1
7008830,2
6845238,2
7214718,0
6921909,1
6819670,2
7204854,0
6819613,0
7024670,2
6943501,1
7014180,2
6913902,2
6939195,0
7169878,2
6869784,0
6972212,1
7076873,2
6958210,0
7090777,0
6943251,2
7225032,0
7039463,2
6890375,1
7149639,0
7055610,0
7078689,0
7107247,0
6907363,0
7125932,1
6829527,1
7070575,2
6923236,0
7077490,0
7160133,0
6921800,1
7049369,1
6820174,0
7036947,1
7068307,0
7180245,1
7016167,0
6948409,2
6902378,1
6905949,2
6955752,0
6867457,1
6906459,0
7110570,1
7078370,0
7155176,0
6990433,0
7110969,2
7140629,2
6822320,1
7033806,0
7020330,1
7008453,0
6960570,1
7149382,0
7017015,1
7185525,1
6832698,0
6874341,1
7091796,0
7132435,2
7211906,2
6886669,0
6884863,2
7161668,0
7099610,2
6882891,0
6974717,1
6999647,2
7053226,0
6984027,1
6930382,0
7065228,1
6955253,0
7209779,1
6942391,2
6826210,0
6836826,1
6923146,0
6850131,2
6943652,2
7044504,1
7160099,2
6864115,1
7151750,0
6930896,1
7092185,1
6831357,0
7005414,0
7049224,0
7002177,1
7124931,1
6819002,0
6997126,1
7221634,0
6954693,0
6895170,1
7141001,2
6923703,0
6975259,0
7057327,1
7014270,2
7157251,2
7089149,1
6974569,0
6952522,2
6896917,0
7105247,1
6820435,1
7230494,1
6877050,2
7147611,0
7198704,0
6875609,0
6943053,2
7146577,0
6952041,0
6921299,0
7212596,0
7179582,1
6840085,1
7053733,2
7079914,1
7157683,1
6928984,0
7091812,1
7025463,0
7213822,0
7201929,0
7104588,1
6894615,0
7198085,1
6972088,2
6845306,1
7088585,0
6845929,2
7102340,1
7230879,1
6864615,0
7211615,1
6879376,0
6849891,2
6928066,0
6917082,2
7054959,2
7047714,0
7194778,0
7109002,0
7231851,1
7066702,1
7227313,0
7234468,1
7089083,1
7079595,0
7144706,2
6876825,0
7028848,0
6974248,1
6948021,0
7165982,0
7079260,0
6866313,1
7159091,0
7080806,0
6940806,1
6903948,0
7002660,2
6845178,2
6983542,0
6886680,0
7169276,0
6964697,1
7128969,0
7037557,0
7188011,0
6981452,0
7047107,0
7177799,2
6953096,2
6920595,2
7091846,1
7142370,0
7113020,0
6927730,2
7119647,1
6902333,1
6850579,2
6911005,1
7056463,0
7039944,2
6907308,1
7057311,0
6850174,1
6880437,2
7146668,0
7092148,1
6824181,0
7111642,0
7091974,2
7222686,0
6855143,2
7182031,0
6891861,2
6968837,1
6854214,0
6968645,0
7001652,0
6998333,0
6994096,0
6943154,1
7027458,1
6846567,0
7050125,2
6907233,0
6866244,0
6906160,2
6820252,1
7004028,0
6886280,0
7031282,1
7180286,0
7196976,0
6927394,1
7039352,0
7190885,0
7110859,0
7025882,2
6840838,1
6870910,2
7135415,1
6872949,2
6968195,2
6864427,0
6905439,0
6912654,0
7214269,0
6997921,2
6947803,2
6929028,0
7230359,0
7045875,0
7152411,2
7081978,1
7186657,0
7077425,0
6890770,2
7138585,0
6894967,2
6843534,1
6867949,2
6959483,2
7112395,1
7112923,2
7018427,0
7171802,2
7145916,0
6851160,0
7080652,2
6942968,1
7228789,2
7204565,0
7205683,1
6829112,0
7005852,0
7205186,1
6932562,1
7006545,0
7019530,0
7104981,1
7161934,1
7196274,1
7076529,0
7210980,1
6971552,1
7117821,0
6882867,2
6906419,0
7047593,0
7150721,0
6984365,0
7026338,0
6934014,2
6960168,2
6823960,2
7075233,0
6913094,0
6905126,0
6851634,1
6979325,1
6815989,2
7078786,1
6976233,1
7205666,1
7206603,2
7144013,0
6887886,2
6888276,1
6885888,1
7189456,0
7074688,0
6892059,1
6853287,2
6869112,2
6866671,0
7059445,0
6907718,1
7135389,0
6943529,1
6967384,0
7233659,1
7138757,0
6975376,1
7109824,1
6998455,1
7176042,1
6987048,2
6987961,0
6852703,2
7059052,0
6881210,0
6984235,1
7109594,2
7195318,1
6882876,0
7118055,0
7098529,1
7054781,0
7001629,0
7220760,1
7168025,0
6931553,1
7074979,0
7104563,1
7071620,0
6922139,0
6994693,1
7114957,0
6977003,0
6937807,1
7073901,0
6813666,1
7193573,2
6941620,1
7224866,0
7170014,1
6822130,2
6912871,1
7045792,0
6878412,1
7145281,1
7272834,2
6825332,1
6829440,1
6844221,0
7073483,0
7229937,2
7064613,0
7082480,2
7036107,0
7097694,2
6904081,0
7148947,0
7009288,0
7171222,2
7207331,1
6850868,0
7047693,1
6977281,0
6976075,1
6860348,0
7219393,0
7186439,0
7063799,0
7063750,0
7075143,1
6879399,1
7013183,1
7128731,0
6916301,0
7113930,0
6964344,0
6869908,0
7125594,0
6823482,1
6913523,1
6937591,1
7196215,1
7148897,2
6852578,0
6971185,0
7131875,1
6900559,0
6938824,2
6903771,0
6862222,1
7022290,2
6958821,2
7233851,2
7029759,0
6828854,0
7024246,1
7098687,1
7032863,0
6824709,0
7027256,0
7016524,0
6901220,1
6972901,2
6985389,2
6870649,0
7043990,1
6973367,2
7072953,0
6828596,0
6903089,2
7107591,2
6817500,0
7165650,2
7200149,1
7125085,1
7218059,0
6833262,1
6868642,0
6832855,0
7207973,0
6935375,0
6924515,0
6843574,2
7063914,0
6974764,1
6936834,2
7115799,0
7169161,2
7218464,2
6933141,2
7139432,0
6889949,2
6980109,0
6845391,1
7179754,0
7046783,0
6812437,0
7179746,1
6892203,0
7136186,0
7233432,1
6820196,0
7047169,0
6826263,0
6863807,0
7092884,1
7114680,0
7104482,1
7022855,0
6942827,1
7010403,0
6931825,1
7002537,2
7216062,0
7187481,2
6988445,2
6836199,0
6902573,0
7005602,0
6823947,1
6869901,0
7123302,2
7065694,1
7083735,2
7041931,1
7152273,0
7197575,0
7180859,1
7068257,0
7051224,0
7070326,2
7093824,0
6940352,1
6896536,1
6981019,2
6861770,0
7111268,2
7119874,2
6955688,2
6985270,0
7070119,1
6813169,1
6846458,0
6916202,0
7142343,1
7061604,1
6916904,0
6870635,0
6943310,1
6814249,0
7171005,1
6832973,2
7152063,2
7196319,1
7036003,2
7111934,0
6958344,1
7005715,1
6961284,0
6994374,2
7231553,0
7143854,2
7207678,0
7140859,2
7009575,0
7190509,0
6830538,2
6852088,0
7116291,2
6816577,2
6888983,0
7066363,1
6848842,0
7159589,2
6982108,1
7218395,1
6989358,0
6843760,1
6924444,0
7049525,0
7199685,0
7180763,0
7044271,1
7010794,1
7090440,1
7166933,2
7026087,2
6973692,2
6853792,2
6852021,1
7209094,2
7145197,0
6927046,2
6830175,2
6873334,1
7217306,2
6839813,1
6898448,0
6905173,0
6919463,1
7143842,1
6960297,1
6858138,1
6813607,2
6880979,0
6838279,1
7031079,0
7062005,2
7018263,0
6962381,0
7072707,2
7160226,1
6835388,0
6986830,0
7033499,2
7094067,0
7151317,0
7138546,0
6925837,2
7069881,1
6984339,1
7177893,1
6866295,0
6916056,0
7133679,0
6980210,0
6886312,1
7066004,0
7002802,1
6986340,0
7002755,1
7202737,0
6840191,1
7001029,1
6860297,2
6843591,0
7035718,0
6905430,0
7180262,1
7172629,2
7003964,0
6813610,0
6978846,2
7004694,1
7225546,0
7099495,1
6899422,0
7039058,1
7101416,0
6944065,2
6947583,1
6965486,0
7209831,2
6975876,2
6902155,0
6977451,0
7007523,2
7178318,1
6814540,0
7026009,2
6994543,1
7035733,0
7218774,2
7223477,1
7203448,0
7091965,2
7173268,2
6833697,0
7091009,2
7146706,1
6825454,1
6813870,0
6865064,1
7025467,2
6931091,1
7030616,1
7139160,1
6945622,1
7036167,1
6891842,0
6915530,1
6919333,0
6814699,0
6866935,1
7119254,0
7078575,0
6919986,1
6874862,0
6886817,2
7158698,0
7186202,1
6856661,0
7154068,0
6916765,0
6825298,0
7105840,0
7211436,1
6874359,2
6861643,2
7199428,0
6920967,0
7153497,0
7172841,0
6971843,0
7201634,0
7047008,0
6852104,1
6812175,0
6876964,0
6938589,2
7208671,2
6973345,1
7041549,0
6932622,2
7030329,0
7043854,2
7221728,1
7147963,0
6922056,0
6904523,1
7008993,0
6970268,2
6903041,2
7204134,0
7215635,1
6920091,2
6831361,0
6962123,0
6928890,0
7200226,1
7205262,0
7026131,1
6990793,1
7071202,1
7069277,0
6876796,0
7208273,0
7148071,2
7014316,0
6964575,2
7149169,2
7142765,1
6814229,0
7032083,1
7072183,1
7147030,1
7144994,1
7028646,1
7121252,1
7088738,1
6910976,1
7072800,1
7174043,0
6863506,0
7227233,0
7021568,0
6913456,0
6911631,1
7078218,1
7096307,1
7522018,2
6972035,0
7191368,2
7157289,2
6899552,1
7144069,1
7227902,0
6898630,0
6883015,0
7224720,0
6975861,0
6839441,2
7003296,1
6854573,1
7027889,0
7166812,0
7001129,2
7032279,0
6899046,0
6994962,0
6862050,1
7187520,0
6995820,1
7116109,1
6996392,0
6852972,1
6964861,0
7093607,2
7060000,1
6880184,2
7103644,2
6911308,1
6912867,1
7088099,0
6888178,0
6912847,0
7191659,0
7168049,0
7047876,1
7162575,1
7213536,0
7173781,1
6814198,1
7128292,0
7223965,0
6874171,1
6815546,0
6908846,2
7139571,1
7053563,0
7093164,1
6939139,2
6867525,0
6913251,0
6896050,1
7126128,2
7223716,1
7228391,2
6934023,1
7188071,0
6923252,0
6935224,1
7177627,1
6989053,0
6822925,0
7099549,0
7161951,1
7153921,0
6943374,1
6835588,0
7092654,1
7140078,1
6899012,1
6991742,1
6882312,0
7095624,0
7019029,0
6881668,1
6906262,0
6953386,0
6962391,1
6830431,2
7108756,0
6924399,1
6982675,0
7166652,0
7143625,0
7132451,1
7048495,0
6929072,0
7216037,0
6861444,1
7058626,0
6985746,1
7159740,2
7145505,2
6884421,2
6833167,2
7080434,1
6999623,0
7039748,1
7082794,2
6945704,0
6970904,1
7162716,1
7117986,0
7050208,0
7042952,0
7157712,2
7124714,1
7216369,0
6826770,2
6937031,0
6957000,1
7002952,2
7049854,1
6871427,0
6940874,0
6824315,1
7045037,2
7173109,1
7090363,0
7184289,1
7017320,2
7066233,1
7201944,2
6817942,2
7050771,1
7064063,0
6895467,1
7006698,1
7062764,1
6815284,0
7106419,0
7136882,1
6889080,2
7068697,0
6921283,1
7050847,2
7010676,0
7040928,0
7208856,1
6846970,1
6962764,0
7025225,0
7084287,1
7155712,2
7032057,0
6815061,1
7090594,2
6921683,2
7035542,0
7121463,1
7123769,0
7046922,0
6968400,1
7023719,2
7042969,2
6916038,2
6873109,0
7079527,1
6943809,1
7215880,0
6962511,0
6957699,0
7230064,1
7148466,1
6877491,1
6959947,0
7035709,0
6907964,1
7065187,1
7074795,0
7165168,0
7162752,2
6987920,1
7013972,0
6819647,2
6875784,0
7064538,0
7125147,0
7042323,0
7021059,0
7057876,1
7062487,0
6874253,0
7066056,1
7206641,0
7103693,0
7061431,1
6889275,2
7090188,0
6913554,2
7059265,0
7150687,2
7042388,1
7177993,0
7224662,0
7181162,1
7102286,0
6832074,1
7015297,1
7141422,0
7178248,1
6981233,1
6815739,1
7042551,0
7200042,1
6920440,0
6952839,2
7230491,0
7024378,2
6944605,0
6822445,2
6954576,2
7080095,2
7002836,2
7051810,0
7166122,0
6830178,2
7106090,1
6815640,1
7158913,2
6925359,0
7033809,0
7169773,0
6998605,0
6992267,0
7233400,0
6988488,1
6862596,0
6902852,2
7159088,1
7115011,0
6847190,0
7158472,2
7193723,0
6944410,0
7158086,0
6914770,0
7023640,0
7081502,0
6867996,0
6855458,0
7076668,2
6981530,1
7189193,0
6890776,1
6869965,0
6995883,2
6993672,0
7210771,1
6829173,0
6870592,1
7004219,0
6934601,0
7025913,0
7133062,0
7076676,0
7231498,1
7120630,1
7182429,1
6924033,0
7221823,0
6824825,1
6995045,0
6864781,0
6831323,1
7054613,0
7091225,1
6919638,0
7104710,2
7176212,1
7204280,0
7033014,0
7177547,0
6953276,0
6962748,1
7127954,0
7232675,0
6938602,1
7063956,0
6930171,0
6865705,0
7225751,0
6935564,1
6825494,1
7217873,0
7158826,2
6884271,1
6994942,0
7073381,0
7179284,0
6993596,0
7040497,0
6984896,0
6886180,1
6883457,0
7152865,2
7196864,0
6983935,1
7096394,0
7213321,0
7039887,0
7030503,1
6959186,1
7210270,1
7155679,0
7099171,1
6939998,2
7195878,1
6873139,2
6911196,0
7123736,2
6933518,0
6910559,0
7089121,1
7007634,0
7094148,0
7055891,2
6885728,1
7113743,0
7076502,2
7055796,2
6867435,1
7000656,0
7074603,0
7082943,0
6812475,0
7049613,1
7197936,0
7091935,2
6820708,2
7203327,0
6816826,2
6942763,1
6857891,1
6948355,1
7167437,1
6917176,0
6987789,2
7226337,1
7000566,0
7036387,0
6882221,1
6836136,0
7083821,1
6880055,2
6822360,1
7118084,0
7021804,0
6929066,0
6975362,0
6901421,2
6812208,0
6865179,0
6859918,0
7027404,0
7110722,2
7002054,0
7082955,0
7186151,2
6888428,0
6972389,0
6896121,2
7027131,0
6947216,0
7136266,1
7082215,1
6864338,1
6839167,1
6855533,0
6942859,1
7030295,0
6971257,1
6877544,2
7181684,2
7217622,0
7083123,0
6921047,0
6986782,0
7226077,2
7083761,0
7161503,0
7226383,1
7009146,0
7169997,2
7058098,1
7109159,2
6857251,0
6939875,0
7153238,0
6982580,1
6871695,0
7045287,0
7024622,0
7050430,1
7132304,2
6915499,0
7136853,0
6996153,1
7096812,0
6876375,1
7102770,1
6894421,0
7053075,1
6998929,0
6968132,0
7053558,0
7203512,0
7125203,1
6842335,1
6837267,1
7012616,1
7104528,1
7136417,1
6882432,0
6842559,0
7127218,1
7001896,1
6889599,0
7169985,1
6839648,1
7168868,0
7044589,1
7121138,0
6813653,1
7080762,0
7032406,0
6893568,2
6934451,0
7051427,0
7180513,0
7141028,0
7143424,2
6940093,0
6870980,1
6848234,2
7231554,1
7066602,1
7231385,0
6882350,0
6851200,0
7125957,0
6931444,1
7032339,1
6875929,1
7135830,2
7122090,1
7043028,1
7010818,0
7040930,1
7007531,2
7044327,1
6847287,0
6958995,2
6828701,0
7178349,0
6970116,1
7075317,0
6851240,0
7113649,0
7185106,2
6879442,0
7209675,1
6860187,2
6841680,2
7014134,0
7115353,0
6901690,2
7193165,0
6825393,2
6931771,2
6890146,0
7095598,1
7012405,0
7111894,0
6919000,2
6958221,1
7110293,0
7112006,0
6831585,0
7088124,0
6882647,0
6884801,0
7009794,0
6981148,2
6848499,2
7233650,1
6825168,1
6918937,0
6831477,1
6893432,2
6862485,2
6811973,1
6990667,2
7136447,0
7091233,1
6978213,0
7098336,1
7014449,1
6965113,0
7100383,2
7124003,1
7028261,0
7217542,0
7220082,0
6959339,1
7146389,1
7158301,1
6887041,2
7070972,2
6941969,0
7103232,0
7116171,0
7232687,2
7064482,0
6815190,0
7061916,0
6859257,1
6860466,1
7076440,2
6942846,2
6892896,0
7153703,0
6845395,0
6890857,2
7144961,0
7188988,1
7181769,0
6876870,1
6999726,0
7216407,1
6890967,0
6844448,1
6851441,0
7230100,0
7060384,1
7210481,1
6871309,0
6882915,0
7007333,2
6978698,0
6929071,0
7071839,0
7222444,2
7179572,0
6823497,0
7190543,1
6838241,1
6908146,1
6837782,0
6854527,0
6963749,0
7137039,0
7116747,2
7173886,1
7058179,0
7206820,0
6983885,0
6833131,2
7040751,0
6888937,1
6962919,1
7126418,1
7078938,0
7222001,0
6952136,0
7112050,0
7134951,0
7185802,1
7069658,0
6835009,1
7034403,0
7102318,0
6889073,1
7128261,0
7144375,0
7422646,0
6942635,0
6967959,0
6835441,0
6826789,1
6990654,0
6960663,2
7167734,0
6909002,2
6901995,0
6837420,0
6832054,0
6921391,0
7232242,0
6895253,1
7014202,2
6852773,2
6960041,1
7094793,0
6929364,0
7208376,1
6888317,0
7073008,0
7107848,2
6866534,1
6823279,2
7039517,0
7104824,1
7042675,1
6968510,0
6918939,0
6815173,0
7134979,1
6968215,1
6938286,1
7047461,0
6909977,0
6986868,1
6832280,1
7214316,0
7110931,1
7065060,1
7158032,0
6893550,0
6934293,0
7155255,1
6963091,1
6815499,1
7012061,2
7160691,1
7209615,2
6855117,0
6905702,1
6929836,0
6873960,1
7102139,1
7233215,0
7088595,0
7130352,2
6911472,0
7196953,0
7111801,2
7060048,0
7196295,1
6953913,0
6968807,0
7200899,0
6848859,1
6966477,2
7181021,1
6941157,0
7052453,0
7186155,2
7105044,1
7092318,2
6841369,0
7214573,0
7109918,0
6886049,0
7213107,1
7128508,0
7062523,0
7196723,0
7070211,2
7083100,2
6969181,0
7114370,2
6847221,0
6923565,2
6948309,1
6933382,0
6967835,0
6990343,0
6935967,0
7047023,1
7051657,1
6964813,0
7071983,0
7037688,0
6862183,2
6931934,2
7009651,0
6992500,0
7174614,0
6887480,0
7155461,2
7041429,1
7047412,0
6856823,0
6955606,1
7030795,0
6939520,0
7181557,1
7035643,2
6958560,1
7049852,1
7053056,0
7015002,0
6813255,2
7181385,1
6969827,0
7131540,0
7057767,0
7029926,2
7207818,0
7067348,0
6975736,0
7066603,0
7151408,0
7169059,0
7202404,0
7011513,0
6822248,1
6844530,1
6946475,1
6944479,0
7108485,2
7128898,2
7154735,1
7006301,1
7162737,0
7061369,1
7181649,0
7139824,0
7174110,1
7148534,0
7152994,0
6985636,0
7125639,0
6981180,2
7144661,0
7189768,0
6890627,0
6833276,1
7141061,0
6851558,0
6891492,0
6994192,2
7098776,1
6896334,1
7055459,1
7219144,0
7231898,2
7210972,1
7185917,1
7166468,0
7209056,1
7157425,2
6837459,0
6885874,0
6944254,0
6903219,2
7230610,0
7030928,0
6847063,0
6828655,1
7045584,0
6955807,0
6941253,0
7203972,0
6920751,1
7155259,0
7197163,0
7071818,0
7060750,1
7114701,0
6910859,0
6981484,0
7141003,0
6898553,0
6933427,1
7103154,1
6878967,2
6934309,2
7038782,1
6847902,1
7028469,0
6871361,1
6820868,0
7158939,2
6983733,0
6822814,0
7083741,0
6859164,0
7159481,1
7040788,0
6911101,1
7008991,0
6844911,0
6861727,0
6903849,0
6813399,0
7097464,0
7231418,0
7221073,0
6975699,0
7187563,1
6979716,1
7057212,0
6980945,1
6945066,1
7149789,2
6866276,0
6833358,0
6857877,0
7010306,0
7010707,0
7166867,1
7178412,2
7153430,1
6817944,2
7057348,1
6970516,1
7160338,1
6858022,0
6877079,1
7057984,1
6838071,1
6959356,2
7168704,1
6815469,2
7020447,1
6916661,0
6873586,2
6812491,0
7182288,2
7199059,0
6925389,0
7215281,2
7128459,0
6959526,1
6920043,1
6861282,2
7025105,2
7198625,0
6957848,1
7021191,1
7230670,1
7217403,0
6937150,0
7081480,0
7094162,1
7439053,0
7108881,2
7013604,1
6936503,0
6853839,1
7092075,2
6879508,0
7019139,0
7069491,0
6888028,2
6823362,0
6913584,2
7065174,1
7066782,0
6861773,0
6911855,0
7139935,0
6848367,0
6845444,2
6987029,1
7171668,0
7108788,1
7221413,0
7116061,0
7207150,1
7028582,1
6875965,0
7224765,0
7101861,2
7225643,2
7015500,0
6910398,1
7219317,2
7106290,2
7129531,1
6890796,2
6978418,2
7143038,0
6953562,0
7112653,0
7002538,2
6944641,1
7232885,0
7097605,1
7208291,1
7195427,1
7137567,1
7195935,0
6859066,0
6818623,0
7112449,0
7141415,0
7017863,0
7210606,1
7018108,0
6849842,1
6842979,2
6852203,2
6840564,2
7108041,2
6860485,1
7103291,1
7239423,1
6917626,0
7168241,0
6974672,1
7143299,1
6906547,0
7042688,2
7159021,1
6844409,1
7093438,1
6994954,0
6843285,1
7107057,0
7008574,2
7100677,0
7195163,1
6863354,0
6985592,0
7680982,2
7131941,1
7065744,1
7102016,1
6924486,0
6841407,1
7207066,0
7152141,0
7220956,1
7310904,1
6972985,1
7143160,2
7123498,0
6979517,0
7059849,0
6956814,1
6945816,1
7092213,1
6895542,1
6865163,1
6969646,0
6940170,2
6880547,0
6927662,0
6827241,2
6934899,0
7223770,0
6968044,1
6915588,0
6852476,0
6956062,0
6995601,0
6881556,0
7192006,1
7005298,2
6827216,2
7012137,0
6964728,0
7002794,1
7037407,2
6893661,0
6884403,2
7059668,1
7030766,2
7064011,0
6868427,1
6969212,0
6882248,1
6917781,1
6814884,0
6837947,0
6915888,0
7209569,0
7108466,1
7134608,2
6965563,2
7044823,0
7210183,0
7004101,0
7125433,2
7046813,1
6850880,0
6880605,2
7049226,0
6911932,0
7168270,2
7008612,2
7158503,2
6906867,2
7114373,2
7038037,0
7031470,0
6822623,0
7162535,0
7200224,1
6987554,0
6988071,1
6823215,2
6887724,2
7113432,1
6886430,0
7124817,1
7072895,2
6985258,1
6869726,0
7105618,1
6866984,1
7214182,0
7232288,1
7101617,0
7139031,0
6983286,1
6823984,2
6846950,1
7063535,0
6891647,0
7143074,0
7193986,1
7231749,1
7110085,1
6968838,1
6851123,0
6913157,1
7010347,0
7225178,2
7177391,2
6861739,0
7187156,2
6907586,2
7194278,0
6936978,1
7168912,0
6990476,1
7008759,2
6975823,1
6958077,1
7150613,0
6864150,0
7225309,0
6878943,1
7169501,0
6834185,0
7039127,0
7083041,1
6886316,0
7224848,1
7052910,0
7136527,0
6933501,1
6890556,0
6883864,1
6852350,2
7198426,0
6929074,0
6994218,1
6885858,0
6814194,1
7173696,1
6832463,0
7220595,1
7134238,1
6977756,2
7077511,0
6972970,1
6829895,2
7196764,0
7114611,0
6915339,0
7052408,0
6939138,1
7096579,1
6822555,1
6940017,1
6997123,0
7098435,2
6967487,0
6930161,0
7012180,0
7013995,0
6975977,0
6895662,0
7207986,0
7152520,2
6846065,0
7062458,1
6938953,1
7217668,2
7147346,0
7074283,0
7209264,2
6984060,1
7170356,0
7218373,0
7043897,0
6822986,2
7207147,0
7108807,0
7103863,0
6883660,0
6843108,1
7177943,1
7132160,2
7186299,2
6839483,2
7208593,0
6954179,1
7138112,2
6822437,1
7219560,1
7075915,0
6867171,1
7088688,0
7047005,0
6816847,0
6986360,0
6929415,1
7120713,1
6862159,0
7195015,0
6979030,0
7020370,1
6859764,0
6858449,1
7017874,2
6823697,0
6910218,0
7443539,2
6818183,0
7105696,1
7168053,0
7207022,0
6879687,0
6814878,0
7098247,2
6859007,0
7141437,0
6880595,2
6843967,1
7160103,0
7055223,0
6867718,1
6937074,0
7005971,1
6864175,1
6910819,0
6960156,1
7090699,0
6888819,2
6911930,1
6900489,0
6933597,2
6821760,0
6930999,1
7029893,2
6899768,1
7043794,1
6938737,1
7139407,0
6985670,0
6840703,1
7055731,1
6968851,0
6831125,0
6891139,0
7137752,0
6891646,0
7128663,2
7193205,0
6993081,1
7091728,2
6937379,0
6891467,0
7205537,0
7183219,1
7233522,1
7054381,0
7109973,0
7062038,2
6864534,0
6970566,1
7092344,1
7022386,0
7083974,1
7177841,2
7120671,0
6817997,2
7124480,2
6836620,0
7108782,1
7185529,1
7091192,1
6901769,1
7197519,1
6827070,2
6843845,2
6954977,0
6907356,1
7129774,1
7104862,2
6952384,1
7108631,2
6958979,1
7008495,2
6893897,2
7145325,1
7225870,1
6912586,0
6924348,1
7050347,0
7066450,1
7188982,0
6822939,0
7056095,1
7094633,0
7049509,1
7217100,0
7113412,1
6873553,1
7213251,0
7015020,0
6863738,0
7023344,2
7184204,0
6818739,1
7076713,1
7024903,1
6815538,1
7019456,0
6827697,0
6835243,0
6994835,0
7097283,1
6844708,1
7001504,0
7137018,0
6837197,1
7141638,0
7176451,0
6972223,0
6964620,1
7004606,1
6813012,0
7123143,0
6917721,0
7110847,1
7081020,0
7223150,0
7077349,2
6973217,2
6846450,0
7108340,1
6918004,0
7048521,0
7209403,0
6896514,0
7010836,1
7112310,0
6834167,2
7035539,0
7167049,0
6960447,2
7226951,1
6863763,2
7178392,1
6955433,1
7215629,2
6922282,2
6974908,2
6868101,2
6865111,2
7215271,0
6892579,1
7056889,0
6906266,1
6969268,2
7150129,0
6895369,1
7038391,1
6946259,0
7114859,0
7218966,0
7041198,0
7058281,0
7081872,1
7117060,0
6878071,2
7131656,1
7123763,1
7189034,0
7092131,1
6903550,0
6972959,1
7037021,0
6952328,1
7009623,0
7016681,1
7143598,1
6917561,0
6923257,2
7101715,1
7169323,1
6918790,2
6915444,1
6905046,0
6885183,0
7138949,0
6870233,1
7163992,1
7115130,0
6833662,0
6926285,1
7166962,0
7233280,2
6948095,0
6840833,1
7226774,1
6945102,2
7096610,0
7223219,0
7192234,0
7023107,2
7200951,1
6821517,0
6887828,2
6922830,0
6908117,0
6880186,2
7010716,0
7046260,0
7161486,0
7151758,0
7006443,0
7008777,2
7228810,0
6936855,1
7145584,0
7077839,0
7066886,0
7078497,1
7223796,1
7081328,0
7063722,0
6930170,0
7157633,2
7073951,0
6851760,0
7046415,0
7114666,0
7052392,0
6880224,2
7082404,0
6877272,2
7170408,0
7039012,0
7173286,0
6920054,0
6829004,1
7073155,0
7177009,1
7032431,0
6983267,0
6835495,1
6990106,1
6969142,0
7197044,1
7030515,2
7165711,2
7220194,0
7035452,0
6855266,0
7156230,0
7176957,2
7131250,0
6838571,2
6952676,2
7057582,1
7106342,0
7113308,0
7215689,1
6940948,0
6977083,0
7089448,0
7091264,0
7203880,0
7075469,0
7005713,0
7037923,0
7141146,0
6900811,1
7132617,2
6819314,1
6824908,0
7030230,0
7116066,0
7161053,2
7129249,0
6841891,0
6982280,1
6857028,0
7030781,1
7065368,1
7096925,0
7162293,0
7019057,1
6987845,1
7052928,0
6826963,2
6932709,0
7004836,2
7101791,0
6913249,1
7048806,0
7724549,0
7134371,0
7147905,0
6964178,1
6981371,0
6889224,0
6894085,0
7039885,2
7202968,0
6871943,1
6818382,1
6855891,0
7203639,1
7189532,2
6876515,0
6870551,0
7231672,2
6931629,2
7202065,1
6965825,0
6843871,0
7150875,0
6836985,1
6881487,2
7027258,0
7215949,0
6913337,0
7226242,1
7080706,1
7090347,1
6894258,1
7022190,1
7131910,1
7230535,1
7149370,2
7113153,0
7030401,2
6918057,1
6853667,0
7037589,0
6929871,2
7110584,1
7194048,0
6992030,0
7200755,2
7075602,0
7163613,0
6859940,1
7042712,0
6929883,1
6926157,0
7161978,0
6866364,2
6933165,1
6877434,0
7112234,0
7055523,0
6831389,0
6889123,1
6883939,1
7224769,0
6839921,0
6874042,0
6859945,0
7052499,0
6874389,2
6957123,0
6888350,0
6934104,1
7074125,0
6904890,0
7081249,0
6898905,1
6935630,0
6852620,1
7137230,0
6919416,1
7006932,0
6825104,1
6969439,2
7038888,0
7114303,0
7226090,1
7186159,1
6953985,2
7149040,0
6866561,2
7076014,1
6821711,0
6975915,0
6896386,2
6917067,2
7080580,2
7194486,2
6991418,1
7163932,2
7228146,0
7096206,0
6906310,0
7090024,1
6941842,1
6818814,0
7189663,0
6873641,1
6842995,2
7056832,0
7230738,1
7143204,1
7102724,2
7137595,0
6921832,0
6818343,0
